,uuid,timestamp,gps_lat,gps_lon,gps_alt,file_size,width,height,s3_path,url
744,3b9c48e4561d1d8f677ad737a9960764970f7883,2015-10-06 17:46:41,33.9947583333333,-80.9789883333333,591.0,6268888.0,6000.0,4000.0,s3://ladi/Images/FEMA_CAP/1013/20145/DSC_0028_18dcd0d8-4b79-452e-9ade-604d4f13ddfd.jpg,https://ladi.s3-us-west-2.amazonaws.com/Images/FEMA_CAP/1013/20145/DSC_0028_18dcd0d8-4b79-452e-9ade-604d4f13ddfd.jpg
2960,b9ccd7cd617dc32ca8b1cebc546ed89ef40562e6,2015-10-06 14:31:03,33.7788333333333,-80.6678333333333,417.0,5505304.0,3872.0,2592.0,s3://ladi/Images/FEMA_CAP/1013/20155/16_1_337_63978ed9-a4b8-4a82-93d4-1179d2a085f6.jpg,https://ladi.s3-us-west-2.amazonaws.com/Images/FEMA_CAP/1013/20155/16_1_337_63978ed9-a4b8-4a82-93d4-1179d2a085f6.jpg
3196,89c7d40a5f70947a4b1c733656fdbfc5eb2d415b,2015-10-08 13:10:21,33.503755,-79.41828833333331,442.0,6269761.0,6000.0,4000.0,s3://ladi/Images/FEMA_CAP/1013/20195/DSC_0783_e38b5a0f-fc6c-47e6-bd9c-12a87f1c8ccb.jpg,https://ladi.s3-us-west-2.amazonaws.com/Images/FEMA_CAP/1013/20195/DSC_0783_e38b5a0f-fc6c-47e6-bd9c-12a87f1c8ccb.jpg
3268,c52909ffa3a113a31175e59130ad84ebd5a95216,2015-10-07 15:22:01,32.6753316666667,-80.2494083333333,352.0,4211442.0,4288.0,2848.0,s3://ladi/Images/FEMA_CAP/1013/20237/DSC_0104_8ff937a5-1398-46ef-b71b-4c5a007cc75c.jpg,https://ladi.s3-us-west-2.amazonaws.com/Images/FEMA_CAP/1013/20237/DSC_0104_8ff937a5-1398-46ef-b71b-4c5a007cc75c.jpg
3912,99970f84f71d2e229b60253c4795734178414e53,2015-10-08 16:13:23,33.5118916666667,-79.102085,925.0,5917187.0,4288.0,2848.0,s3://ladi/Images/FEMA_CAP/1013/20187/DSC_0130_41920004-2a2a-4c26-aa56-59376f7ce9b1.jpg,https://ladi.s3-us-west-2.amazonaws.com/Images/FEMA_CAP/1013/20187/DSC_0130_41920004-2a2a-4c26-aa56-59376f7ce9b1.jpg
8974,138060865d134494c22569d551b3200904f33707,2016-10-09 18:02:33,31.950015000000004,-81.129745,435.0,6899499.0,6000.0,4000.0,s3://ladi/Images/FEMA_CAP/3045/291518/DSC_0638_539ef4b3-4e68-4c98-802d-0801770d544a.jpg,https://ladi.s3-us-west-2.amazonaws.com/Images/FEMA_CAP/3045/291518/DSC_0638_539ef4b3-4e68-4c98-802d-0801770d544a.jpg
10045,c4b4b2ab957af2b139747ade1f3f349bb7641e91,2017-10-10 13:40:29,18.3346316666667,-66.8787183333333,613.0,5842411.0,6000.0,4000.0,s3://ladi/Images/FEMA_CAP/9075/614071/A0013_AP_cbf8ec44-de66-4dd1-8db2-0b52c094bd84.jpg,https://ladi.s3-us-west-2.amazonaws.com/Images/FEMA_CAP/9075/614071/A0013_AP_cbf8ec44-de66-4dd1-8db2-0b52c094bd84.jpg
16078,468ec2d399199cbff0273de18bd98fbd3c6a8ecb,2017-09-08 13:37:45,29.754378333333303,-94.2311333333333,265.0,5838022.0,4496.0,3000.0,s3://ladi/Images/FEMA_CAP/9073/613903/DSC_9938_108ae23b-1ab8-4a81-a89d-6613a369dcca.jpg,https://ladi.s3-us-west-2.amazonaws.com/Images/FEMA_CAP/9073/613903/DSC_9938_108ae23b-1ab8-4a81-a89d-6613a369dcca.jpg
20329,74f00ee3c156a6aa6bcc5c4a2715b37ab721a9a9,2017-09-10 14:07:34,29.637835,-95.5535316666667,457.0,9065401.0,4496.0,3000.0,s3://ladi/Images/FEMA_CAP/9073/613824/DSC_0708_8efb2b52-b8c1-4964-a4cf-a1f5056bf622.jpg,https://ladi.s3-us-west-2.amazonaws.com/Images/FEMA_CAP/9073/613824/DSC_0708_8efb2b52-b8c1-4964-a4cf-a1f5056bf622.jpg
24601,10cea3402b787d81315ccc087bc27f10e047a68c,2017-09-02 16:01:15,29.66783,-96.024855,406.0,12526542.0,6000.0,4000.0,s3://ladi/Images/FEMA_CAP/9073/613560/DSC_0183_166dcd5f-b51c-4414-b93a-ddb1cf4882f8.jpg,https://ladi.s3-us-west-2.amazonaws.com/Images/FEMA_CAP/9073/613560/DSC_0183_166dcd5f-b51c-4414-b93a-ddb1cf4882f8.jpg
26139,f62ba9869014801f00ffd5dd9565a4fa342247ae,2017-09-01 19:13:24,29.62377,-95.89834,279.0,7973843.0,6000.0,4000.0,s3://ladi/Images/FEMA_CAP/9073/613546/DSC_0237_0acf75b6-760a-4e52-b5d0-7263d20c2762.jpg,https://ladi.s3-us-west-2.amazonaws.com/Images/FEMA_CAP/9073/613546/DSC_0237_0acf75b6-760a-4e52-b5d0-7263d20c2762.jpg
31425,3026294eb917b155b32510f699a911c77cd2e5d0,2017-09-01 19:31:02,29.4787283333333,-95.5944166666667,320.0,8762255.0,6000.0,4000.0,s3://ladi/Images/FEMA_CAP/9073/613546/DSC_0429_2a9b8dcd-3f77-477c-b9cc-960e28eccea2.jpg,https://ladi.s3-us-west-2.amazonaws.com/Images/FEMA_CAP/9073/613546/DSC_0429_2a9b8dcd-3f77-477c-b9cc-960e28eccea2.jpg
33130,5d984afb3cec62632d36b1f9cee0a2cb522423cc,2017-09-02 16:13:43,29.64845,-96.0153733333333,376.0,9442357.0,6000.0,4000.0,s3://ladi/Images/FEMA_CAP/9073/613560/DSC_0448_599d874f-f950-450b-b279-f65bde91a028.jpg,https://ladi.s3-us-west-2.amazonaws.com/Images/FEMA_CAP/9073/613560/DSC_0448_599d874f-f950-450b-b279-f65bde91a028.jpg
48539,4ed2909452e9a4146b2c76f6485309c0f80649d2,2017-09-08 19:43:28,28.0853066666667,-97.0365133333333,311.0,12033383.0,6000.0,4000.0,s3://ladi/Images/FEMA_CAP/9073/613926/DSC_3122.JPG,https://ladi.s3-us-west-2.amazonaws.com/Images/FEMA_CAP/9073/613926/DSC_3122.JPG
51962,ae20ebd3c1833288c43ee2da00387f31ba039d96,2017-09-01 20:46:06,30.156586666666698,-93.69998333333331,400.0,8794189.0,6000.0,4000.0,s3://ladi/Images/FEMA_CAP/9073/613547/DSC_0116_5e142661-e189-44be-a6f2-3c88469f51b1.jpg,https://ladi.s3-us-west-2.amazonaws.com/Images/FEMA_CAP/9073/613547/DSC_0116_5e142661-e189-44be-a6f2-3c88469f51b1.jpg
53785,2dd2a54836592971f13486f6035e1b0b565e69cc,2017-09-26 11:34:09,17.9801,-66.28876,506.0,3920903.0,3216.0,2136.0,s3://ladi/Images/FEMA_CAP/9075/614004/A0019049_b6db78ad-8dec-44f1-8fa0-5cdb244e1c9e.jpg,https://ladi.s3-us-west-2.amazonaws.com/Images/FEMA_CAP/9075/614004/A0019049_b6db78ad-8dec-44f1-8fa0-5cdb244e1c9e.jpg
54341,8572ae9d35d49da344145d8ca647dc5e9c130913,2017-09-26 11:36:37,17.97065,-66.282035,529.0,3075429.0,3216.0,2136.0,s3://ladi/Images/FEMA_CAP/9075/614004/A0019051_f9491945-38ca-4086-90b3-f35d8b31c223.jpg,https://ladi.s3-us-west-2.amazonaws.com/Images/FEMA_CAP/9075/614004/A0019051_f9491945-38ca-4086-90b3-f35d8b31c223.jpg
63863,a993fffdf7d2f8f99266af7f9c8d02f3b4bff030,2016-08-14 11:03:47,30.5378016666667,-91.084785,370.0,12993592.0,6000.0,4000.0,s3://ladi/Images/FEMA_CAP/2024/221180/010_2392_e8b0b2b0-4fee-48da-9034-7a794644f875.jpg,https://ladi.s3-us-west-2.amazonaws.com/Images/FEMA_CAP/2024/221180/010_2392_e8b0b2b0-4fee-48da-9034-7a794644f875.jpg
65209,685865669391f8d4eba360a44c132cd15df08deb,2016-08-14 11:29:12,30.5298983333333,-91.0646266666667,379.0,9768131.0,6000.0,4000.0,s3://ladi/Images/FEMA_CAP/2024/221180/010_2504_c861e534-d0b3-40be-9bfa-a4bf14c55cc2.jpg,https://ladi.s3-us-west-2.amazonaws.com/Images/FEMA_CAP/2024/221180/010_2504_c861e534-d0b3-40be-9bfa-a4bf14c55cc2.jpg
67851,692093146b842a1494e996aec6d9244e557c320a,2017-09-13 14:55:38,31.9353366666667,-81.07023833333331,470.0,6298254.0,4288.0,2848.0,s3://ladi/Images/FEMA_CAP/9074/613722/DSC_0228_06c74dc2-d3a5-47e0-96b2-0ad19903fbc1.jpg,https://ladi.s3-us-west-2.amazonaws.com/Images/FEMA_CAP/9074/613722/DSC_0228_06c74dc2-d3a5-47e0-96b2-0ad19903fbc1.jpg
68509,0473e4be9182b03ec13d9d82a29111b5c16d9870,2017-09-08 11:42:28,29.793753333333303,-95.66577833333331,343.0,12239284.0,6000.0,4000.0,s3://ladi/Images/FEMA_CAP/9073/613898/DSC_5174_08e521fc-9397-4ab5-8b29-9da4179d76ac.jpg,https://ladi.s3-us-west-2.amazonaws.com/Images/FEMA_CAP/9073/613898/DSC_5174_08e521fc-9397-4ab5-8b29-9da4179d76ac.jpg
68959,63305d8ef9aa877faa44ed4d7f67a4b163440c49,2017-10-11 13:12:27,18.403081666666697,-66.215355,360.0,8144446.0,4496.0,3000.0,s3://ladi/Images/FEMA_CAP/9075/614079/A0022_AP_1ce8400b-34f7-41b4-827d-a289f6f2b2a5.jpg,https://ladi.s3-us-west-2.amazonaws.com/Images/FEMA_CAP/9075/614079/A0022_AP_1ce8400b-34f7-41b4-827d-a289f6f2b2a5.jpg
76039,ca1b9775b78061f5166dc06f328865ad968c108b,2017-09-08 12:07:10,29.735305,-95.6594816666667,334.0,12926683.0,6000.0,4000.0,s3://ladi/Images/FEMA_CAP/9073/613898/DSC_5401_5b484d61-fdcc-47f8-a74c-a5577f8ad4af.jpg,https://ladi.s3-us-west-2.amazonaws.com/Images/FEMA_CAP/9073/613898/DSC_5401_5b484d61-fdcc-47f8-a74c-a5577f8ad4af.jpg
79645,49fee4d1fa1413aa25e8490dfaa6b2098d6cade1,2017-09-10 09:56:51,29.7163266666667,-95.7086916666667,308.0,15139217.0,6000.0,4000.0,s3://ladi/Images/FEMA_CAP/9073/613823/DSC_7912_cfbd0d97-501a-4afc-8132-16fccf4967f1.jpg,https://ladi.s3-us-west-2.amazonaws.com/Images/FEMA_CAP/9073/613823/DSC_7912_cfbd0d97-501a-4afc-8132-16fccf4967f1.jpg
79846,591e1684a45830dbda7b4bd3fbc6444c95fcfbec,2017-09-01 21:03:15,29.845551666666697,-95.0953933333333,304.0,9944985.0,6000.0,4000.0,s3://ladi/Images/FEMA_CAP/9073/613548/DSC_0520_23f7b002-a6b4-4985-a117-18eecbbd829a.jpg,https://ladi.s3-us-west-2.amazonaws.com/Images/FEMA_CAP/9073/613548/DSC_0520_23f7b002-a6b4-4985-a117-18eecbbd829a.jpg
88467,3035270227c9f6c31132bc47a78179def02bccca,2017-10-11 15:04:28,18.385788333333302,-66.09474166666669,432.0,7770076.0,4496.0,3000.0,s3://ladi/Images/FEMA_CAP/9075/614079/A0022_AP_d23dc4de-26c6-44fb-b4c9-e78b7f9cde27.jpg,https://ladi.s3-us-west-2.amazonaws.com/Images/FEMA_CAP/9075/614079/A0022_AP_d23dc4de-26c6-44fb-b4c9-e78b7f9cde27.jpg
92825,a1f49af05fe2c81924a5ed9382ade2e2c4ec87e5,2017-09-08 09:05:05,30.245925,-94.1923166666667,327.0,14408929.0,6000.0,4000.0,s3://ladi/Images/FEMA_CAP/9073/613886/DSC_0880_3294d5ca-4ec2-4bed-ace7-4e7868670a52.jpg,https://ladi.s3-us-west-2.amazonaws.com/Images/FEMA_CAP/9073/613886/DSC_0880_3294d5ca-4ec2-4bed-ace7-4e7868670a52.jpg
101254,2398c28e579840b04e6d3e14270cf224ac158ad5,2017-09-01 17:24:43,29.842470000000002,-93.9465816666667,421.0,6163955.0,6000.0,4000.0,s3://ladi/Images/FEMA_CAP/9073/613577/DSC_1029_95fc14fe-1cf5-4427-8010-c2bfa2ffb212.jpg,https://ladi.s3-us-west-2.amazonaws.com/Images/FEMA_CAP/9073/613577/DSC_1029_95fc14fe-1cf5-4427-8010-c2bfa2ffb212.jpg
105961,1544d6adba504c54c0076b42fe3df41077b7c9aa,2017-10-07 11:18:00,18.253345,-66.44926833333331,1108.0,7495904.0,4496.0,3000.0,s3://ladi/Images/FEMA_CAP/9075/614054/A0133_AP_74f06dc8-9618-4450-821b-25fca2c4e40d.jpg,https://ladi.s3-us-west-2.amazonaws.com/Images/FEMA_CAP/9075/614054/A0133_AP_74f06dc8-9618-4450-821b-25fca2c4e40d.jpg
106656,53540126f29080c59aeb42e761dedec56c6c843e,2017-10-11 12:05:04,18.198114999999998,-66.00856,765.0,9557956.0,4496.0,3000.0,s3://ladi/Images/FEMA_CAP/9075/614080/A0001_AP_6f98ffe2-c037-4085-a43e-6eee0e5638f8.jpg,https://ladi.s3-us-west-2.amazonaws.com/Images/FEMA_CAP/9075/614080/A0001_AP_6f98ffe2-c037-4085-a43e-6eee0e5638f8.jpg
109585,88dd62f6385d6ef14dfcc29e4a6209eef9ad69e5,2016-10-10 16:29:49,31.0661,-81.40126500000001,446.0,6334420.0,6000.0,4000.0,s3://ladi/Images/FEMA_CAP/3045/291551/DSC_4031_47465b02-f156-4897-8052-fbb8ee4ed64b.jpg,https://ladi.s3-us-west-2.amazonaws.com/Images/FEMA_CAP/3045/291551/DSC_4031_47465b02-f156-4897-8052-fbb8ee4ed64b.jpg
110774,fce9861505dc1130a34fe9f1041fdb9c4fc9f5e1,2017-10-11 11:11:24,18.0495916666667,-67.075685,516.0,9386515.0,4496.0,3000.0,s3://ladi/Images/FEMA_CAP/9075/614080/A0001_AP_a22a51c1-e972-41ca-97d4-912958328776.jpg,https://ladi.s3-us-west-2.amazonaws.com/Images/FEMA_CAP/9075/614080/A0001_AP_a22a51c1-e972-41ca-97d4-912958328776.jpg
111113,a60aea8b01d76f0fdbdfc74e7cfcc9daf9363bed,2016-10-10 16:43:26,31.050209999999996,-81.55497,475.0,6198736.0,6000.0,4000.0,s3://ladi/Images/FEMA_CAP/3045/291551/DSC_4179_4ebf1c28-d5e2-4658-abc5-5f5cd35c1015.jpg,https://ladi.s3-us-west-2.amazonaws.com/Images/FEMA_CAP/3045/291551/DSC_4179_4ebf1c28-d5e2-4658-abc5-5f5cd35c1015.jpg
112369,3223c83985c4af2d570ccb0c1d6486a4b1207847,2017-09-01 21:39:06,29.9549083333333,-95.155525,352.0,9110005.0,6000.0,4000.0,s3://ladi/Images/FEMA_CAP/9073/613548/DSC_1881_c5cd8ec7-3ac2-47a4-99a9-a097e088e5b6.jpg,https://ladi.s3-us-west-2.amazonaws.com/Images/FEMA_CAP/9073/613548/DSC_1881_c5cd8ec7-3ac2-47a4-99a9-a097e088e5b6.jpg
115560,ae86c12b5f33359fba0fef1a57d1f044b2c0d78b,2016-10-09 07:58:00,29.7074933333333,-81.5957916666667,366.0,10989645.0,6000.0,4000.0,s3://ladi/Images/FEMA_CAP/3042/291491/StJohnRv_c54876ec-7337-4932-a107-bc1778ace069.jpg,https://ladi.s3-us-west-2.amazonaws.com/Images/FEMA_CAP/3042/291491/StJohnRv_c54876ec-7337-4932-a107-bc1778ace069.jpg
119703,6ec7c57961336ec64df4ab4ae9658b0b980cc7cb,2017-09-10 15:15:10,29.544581666666698,-95.52936333333331,394.0,10218746.0,4496.0,3000.0,s3://ladi/Images/FEMA_CAP/9073/613824/DSC_1394_9ba3f7e0-0aac-4716-b435-5021097b34f3.jpg,https://ladi.s3-us-west-2.amazonaws.com/Images/FEMA_CAP/9073/613824/DSC_1394_9ba3f7e0-0aac-4716-b435-5021097b34f3.jpg
120369,a8be26ca1f37f6c8f61f33131c5aef376413e256,2016-10-10 12:27:47,29.50507,-81.202365,461.0,8001780.0,6000.0,4000.0,s3://ladi/Images/FEMA_CAP/3042/291547/DSC_2566_1d262a39-6ab3-4ff0-b146-c2e116ed6ebe.jpg,https://ladi.s3-us-west-2.amazonaws.com/Images/FEMA_CAP/3042/291547/DSC_2566_1d262a39-6ab3-4ff0-b146-c2e116ed6ebe.jpg
125160,7b62750bea0205a1482ac344462a19502977ed7d,2017-09-08 16:11:51,27.619784999999997,-97.1982116666667,279.0,10266595.0,6000.0,4000.0,s3://ladi/Images/FEMA_CAP/9073/613927/DSC_0375_0e2c6a5a-b3d3-481e-b88b-9d7659330115.jpg,https://ladi.s3-us-west-2.amazonaws.com/Images/FEMA_CAP/9073/613927/DSC_0375_0e2c6a5a-b3d3-481e-b88b-9d7659330115.jpg
126332,808d8ec2de9f0890ec9bd13c72a8553cc800f884,2018-09-23 16:20:49,33.8340616666667,-79.0547733333333,675.0,10943577.0,6000.0,4000.0,s3://ladi/Images/FEMA_CAP/9096/615106/FLR_2133_80bf21be-4c06-4d9c-b35f-c80d7658adfc.jpg,https://ladi.s3-us-west-2.amazonaws.com/Images/FEMA_CAP/9096/615106/FLR_2133_80bf21be-4c06-4d9c-b35f-c80d7658adfc.jpg
129208,a81cff3f250a267670893239fa07a98deea71797,2017-09-05 17:38:06,29.9154566666667,-95.75576,440.0,6501355.0,6000.0,4000.0,s3://ladi/Images/FEMA_CAP/9073/613937/DSC_1628_b59a53b3-58ec-401a-b082-bf66b9ffc256.jpg,https://ladi.s3-us-west-2.amazonaws.com/Images/FEMA_CAP/9073/613937/DSC_1628_b59a53b3-58ec-401a-b082-bf66b9ffc256.jpg
130358,ef368593c325a0f1565b6696b53bb7758d024636,2017-09-01 21:54:29,30.00355,-95.1351766666667,181.0,8627302.0,6000.0,4000.0,s3://ladi/Images/FEMA_CAP/9073/613548/DSC_2440_403237fc-5ec4-4aa2-893f-032d630fc365.jpg,https://ladi.s3-us-west-2.amazonaws.com/Images/FEMA_CAP/9073/613548/DSC_2440_403237fc-5ec4-4aa2-893f-032d630fc365.jpg
131192,8a843d595bda64d886b03329692bcca94e6d5f71,2017-09-07 11:15:32,28.958070000000003,-95.26459,299.0,6989439.0,4496.0,3000.0,s3://ladi/Images/FEMA_CAP/9073/613947/DSC_2091_716732fc-5d94-4bbb-85ad-3d7fc5585619.jpg,https://ladi.s3-us-west-2.amazonaws.com/Images/FEMA_CAP/9073/613947/DSC_2091_716732fc-5d94-4bbb-85ad-3d7fc5585619.jpg
132181,146ac432137d75d3cf6c650082bfe7ec068fca52,2017-09-08 16:45:57,27.6817333333333,-97.1747866666667,331.0,14577239.0,6000.0,4000.0,s3://ladi/Images/FEMA_CAP/9073/613927/DSC_0843_c1a16655-02b0-4d51-862b-0fd0aaf3ceff.jpg,https://ladi.s3-us-west-2.amazonaws.com/Images/FEMA_CAP/9073/613927/DSC_0843_c1a16655-02b0-4d51-862b-0fd0aaf3ceff.jpg
138691,2a80c7de18c8856e484459bbe72f0ffbbc38baa2,2017-10-11 10:43:33,18.25372,-66.91453,714.0,7486752.0,4496.0,3000.0,s3://ladi/Images/FEMA_CAP/9075/614082/A0019_AP_0cbf92e6-af6b-4d07-a8cb-29f94801f87f.jpg,https://ladi.s3-us-west-2.amazonaws.com/Images/FEMA_CAP/9075/614082/A0019_AP_0cbf92e6-af6b-4d07-a8cb-29f94801f87f.jpg
141600,ea737374bdf577fd789c18cf63adab55d954ab2e,2017-10-11 11:15:15,18.4792416666667,-66.5852183333333,435.0,6758471.0,4496.0,3000.0,s3://ladi/Images/FEMA_CAP/9075/614082/A0019_AP_9ec52978-d227-4dd8-afa3-7b56d96acfab.jpg,https://ladi.s3-us-west-2.amazonaws.com/Images/FEMA_CAP/9075/614082/A0019_AP_9ec52978-d227-4dd8-afa3-7b56d96acfab.jpg
143311,df149b19db0e5d0618fdf1f77048be0b3889537d,2017-09-14 16:33:42,27.201076666666697,-82.1648133333333,552.0,4720268.0,3696.0,2448.0,s3://ladi/Images/FEMA_CAP/9074/613732/DSC_0795_0d5f151b-ed53-44c7-a57c-cd70e4742edc.jpg,https://ladi.s3-us-west-2.amazonaws.com/Images/FEMA_CAP/9074/613732/DSC_0795_0d5f151b-ed53-44c7-a57c-cd70e4742edc.jpg
147407,571e6850d15fdb0f7d04e94ffbd14c6000906b3d,2017-09-08 14:50:35,30.118083333333303,-93.9431666666667,330.0,15363275.0,6000.0,4000.0,s3://ladi/Images/FEMA_CAP/9073/613899/DSC_4633_51f8b02b-6a8b-40fa-bf76-2ab6a2dc5256.jpg,https://ladi.s3-us-west-2.amazonaws.com/Images/FEMA_CAP/9073/613899/DSC_4633_51f8b02b-6a8b-40fa-bf76-2ab6a2dc5256.jpg
150438,5b4cd215c694fa38e1d8a661e08c78a27330063f,2017-09-01 21:06:09,30.0825,-94.1804033333333,565.0,11242841.0,6000.0,4000.0,s3://ladi/Images/FEMA_CAP/9073/613549/DSC_0031_feaa880d-ca94-4da8-9f8b-e3ac5873a12c.jpg,https://ladi.s3-us-west-2.amazonaws.com/Images/FEMA_CAP/9073/613549/DSC_0031_feaa880d-ca94-4da8-9f8b-e3ac5873a12c.jpg
156424,4ea41fadba13ddeb113339da7607a8d2616faade,2017-09-10 09:36:22,29.6070216666667,-95.7228933333333,296.0,11348009.0,6000.0,4000.0,s3://ladi/Images/FEMA_CAP/9073/613823/DSC_7336_4b4203f6-5057-4f6c-ba8e-1dc7bb126d46.jpg,https://ladi.s3-us-west-2.amazonaws.com/Images/FEMA_CAP/9073/613823/DSC_7336_4b4203f6-5057-4f6c-ba8e-1dc7bb126d46.jpg
158030,1569d8b09cc6e70954177a443d93cce985163823,2017-10-08 12:49:55,18.4874133333333,-67.0920066666667,761.0,9401457.0,4496.0,3000.0,s3://ladi/Images/FEMA_CAP/9075/614063/A0086_AP_c2b2d874-00dd-44e6-85e4-a81838d80095.jpg,https://ladi.s3-us-west-2.amazonaws.com/Images/FEMA_CAP/9075/614063/A0086_AP_c2b2d874-00dd-44e6-85e4-a81838d80095.jpg
158574,cb706a5d5929297c4cd5b88ccbef7c26329dcfde,2017-10-08 11:24:14,18.482238333333303,-66.9709566666667,785.0,9958512.0,4496.0,3000.0,s3://ladi/Images/FEMA_CAP/9075/614063/A0086_AP_f16b2385-22c8-4e5b-a45c-143f523ddae0.jpg,https://ladi.s3-us-west-2.amazonaws.com/Images/FEMA_CAP/9075/614063/A0086_AP_f16b2385-22c8-4e5b-a45c-143f523ddae0.jpg
158929,2e342e8883c8ca311783a6c53a628975dd749b27,2017-09-08 20:08:23,27.726931666666697,-97.1235466666667,278.0,9446170.0,6000.0,4000.0,s3://ladi/Images/FEMA_CAP/9073/613928/DSC_1779_bfc47b67-7a65-4f4a-b3ec-9e845aafece4.jpg,https://ladi.s3-us-west-2.amazonaws.com/Images/FEMA_CAP/9073/613928/DSC_1779_bfc47b67-7a65-4f4a-b3ec-9e845aafece4.jpg
160978,06babdff98aee71c74e9e3b5c4310070804cc10b,2017-09-10 15:32:31,29.985640000000004,-95.50644,403.0,10537265.0,4496.0,3000.0,s3://ladi/Images/FEMA_CAP/9073/613824/DSC_1593_10e028d7-0d8f-458f-b352-e509795def6e.jpg,https://ladi.s3-us-west-2.amazonaws.com/Images/FEMA_CAP/9073/613824/DSC_1593_10e028d7-0d8f-458f-b352-e509795def6e.jpg
169162,16c647b42cc60c78fee7e0caf1311d2e00ec4e7c,2017-10-09 12:17:58,18.4599566666667,-66.168675,297.0,7713831.0,4496.0,3000.0,s3://ladi/Images/FEMA_CAP/9075/614066/A0007_AP_df30d9dc-8c95-4569-b6c7-6ab75bb1549a.jpg,https://ladi.s3-us-west-2.amazonaws.com/Images/FEMA_CAP/9075/614066/A0007_AP_df30d9dc-8c95-4569-b6c7-6ab75bb1549a.jpg
169884,be9f453104a13770cadfce139caaa97052a7238d,2018-09-26 17:12:28,34.0499433333333,-78.02458,661.0,10521019.0,6000.0,4000.0,s3://ladi/Images/FEMA_CAP/9096/615121/214_23987f1f-0709-471f-8f6e-0c530589193c.jpg,https://ladi.s3-us-west-2.amazonaws.com/Images/FEMA_CAP/9096/615121/214_23987f1f-0709-471f-8f6e-0c530589193c.jpg
172557,3bb508be6470484f58e4420f900f562b35db025f,2018-09-27 16:07:05,33.1434527777778,-79.4056083333333,698.0,3482029.0,4608.0,3456.0,s3://ladi/Images/FEMA_CAP/9096/615123/ChrisPet_87564d74-92d2-4fba-99ca-f5557973692d.jpg,https://ladi.s3-us-west-2.amazonaws.com/Images/FEMA_CAP/9096/615123/ChrisPet_87564d74-92d2-4fba-99ca-f5557973692d.jpg
173095,2f7e1a1a0ad3076253e22326c0f110ab146bef2f,2018-09-27 15:15:57,33.9201805555556,-78.9012972222222,797.0,3520308.0,4608.0,3456.0,s3://ladi/Images/FEMA_CAP/9096/615123/ChrisPet_bbd49c34-2f3d-4aad-b487-510b8304e792.jpg,https://ladi.s3-us-west-2.amazonaws.com/Images/FEMA_CAP/9096/615123/ChrisPet_bbd49c34-2f3d-4aad-b487-510b8304e792.jpg
173862,cea3cf8bc7d0f403210f28cc41ed98cbb592a329,2018-09-27 15:19:07,33.910708333333304,-78.77835,677.0,3489853.0,4608.0,3456.0,s3://ladi/Images/FEMA_CAP/9096/615123/ChrisPet_e93f87ae-b470-4fd4-8b24-0521f12fa9de.jpg,https://ladi.s3-us-west-2.amazonaws.com/Images/FEMA_CAP/9096/615123/ChrisPet_e93f87ae-b470-4fd4-8b24-0521f12fa9de.jpg
174667,cbe329d72a3b5e233737cf6db93da27af997e485,2017-09-10 08:56:29,29.727390000000003,-95.03113,97.0,11457501.0,6000.0,4000.0,s3://ladi/Images/FEMA_CAP/9073/613829/DSC_9053_7da20646-4e93-45f4-b3df-c60a039d6a65.jpg,https://ladi.s3-us-west-2.amazonaws.com/Images/FEMA_CAP/9073/613829/DSC_9053_7da20646-4e93-45f4-b3df-c60a039d6a65.jpg
178678,26329673225a584319126cebe63967bd6d37e7b4,2018-09-28 09:53:30,33.368175,-79.24624444444441,575.0,3578934.0,4608.0,3456.0,s3://ladi/Images/FEMA_CAP/9096/615126/SteveBla_5a14181a-f45c-4d6c-a973-d631488a4ddd.jpg,https://ladi.s3-us-west-2.amazonaws.com/Images/FEMA_CAP/9096/615126/SteveBla_5a14181a-f45c-4d6c-a973-d631488a4ddd.jpg
179449,7bb6175c42549bf8c2448f7001bd6b8ba137dbfc,2017-10-10 10:10:42,18.1157133333333,-67.0131433333333,739.0,9387643.0,4496.0,3000.0,s3://ladi/Images/FEMA_CAP/9075/614067/A0020_AP_efe70b71-b67d-48d6-b2df-dd029396d8dc.jpg,https://ladi.s3-us-west-2.amazonaws.com/Images/FEMA_CAP/9075/614067/A0020_AP_efe70b71-b67d-48d6-b2df-dd029396d8dc.jpg
179900,355adae660a9568a569d8669979283abb749c481,2018-09-28 10:44:38,33.7323361111111,-79.267425,784.0,3469887.0,4608.0,3456.0,s3://ladi/Images/FEMA_CAP/9096/615126/SteveBla_90a3baae-72bc-4ba6-96d9-b6070f1ecd50.jpg,https://ladi.s3-us-west-2.amazonaws.com/Images/FEMA_CAP/9096/615126/SteveBla_90a3baae-72bc-4ba6-96d9-b6070f1ecd50.jpg
181080,7ac9cb1298fef0f47f5bdda909ee3d5e3e481ecc,2018-09-28 10:03:42,33.5323694444444,-79.0870638888889,520.0,3456273.0,4608.0,3456.0,s3://ladi/Images/FEMA_CAP/9096/615126/SteveBla_c06b6f74-6040-4c18-b932-18cdba8bce79.jpg,https://ladi.s3-us-west-2.amazonaws.com/Images/FEMA_CAP/9096/615126/SteveBla_c06b6f74-6040-4c18-b932-18cdba8bce79.jpg
181830,95930ac66c2a160a3568543794a647c084cd86ae,2018-09-28 09:37:38,33.0883472222222,-79.36479722222221,439.0,3492065.0,4608.0,3456.0,s3://ladi/Images/FEMA_CAP/9096/615126/SteveBla_e47b858f-00dd-4332-ae21-69dcfdbda169.jpg,https://ladi.s3-us-west-2.amazonaws.com/Images/FEMA_CAP/9096/615126/SteveBla_e47b858f-00dd-4332-ae21-69dcfdbda169.jpg
182013,e631d09bbab3790601a27b62239b678d5158164a,2018-09-28 10:10:33,33.579561111111104,-79.1694638888889,803.0,3535391.0,4608.0,3456.0,s3://ladi/Images/FEMA_CAP/9096/615126/SteveBla_ef5679e0-db82-44ef-902c-7d3389f26fc3.jpg,https://ladi.s3-us-west-2.amazonaws.com/Images/FEMA_CAP/9096/615126/SteveBla_ef5679e0-db82-44ef-902c-7d3389f26fc3.jpg
184553,96ee723a0d78ed4b3387cc5c7b5fa18b872de537,2017-09-05 12:54:24,31.012066666666698,-93.55470333333331,307.0,4835740.0,4496.0,3000.0,s3://ladi/Images/FEMA_CAP/9073/613934/010_8557_ea04d2dd-04ed-45bc-b4f7-0358c8232554.jpg,https://ladi.s3-us-west-2.amazonaws.com/Images/FEMA_CAP/9073/613934/010_8557_ea04d2dd-04ed-45bc-b4f7-0358c8232554.jpg
185552,9e03c27da6ed848936974deaabe575ffd90078e9,2017-09-10 15:47:17,29.7838416666667,-95.5075933333333,372.0,8989053.0,4496.0,3000.0,s3://ladi/Images/FEMA_CAP/9073/613824/DSC_1718_0f74529b-edc1-4790-9876-187563217b63.jpg,https://ladi.s3-us-west-2.amazonaws.com/Images/FEMA_CAP/9073/613824/DSC_1718_0f74529b-edc1-4790-9876-187563217b63.jpg
193594,e7c22024a9c7eff2fbb044555014447bc2bb83d2,2018-10-03 13:21:19,33.8215555555556,-78.9381611111111,124.0,3492129.0,4608.0,3456.0,s3://ladi/Images/FEMA_CAP/9096/615132/JoeBell-_26748b86-666e-4565-9e4a-24d32f6d4d58.jpg,https://ladi.s3-us-west-2.amazonaws.com/Images/FEMA_CAP/9096/615132/JoeBell-_26748b86-666e-4565-9e4a-24d32f6d4d58.jpg
193778,64c42550ea7ff1b7511b5c418c0964ea57cc12ce,2018-10-03 13:42:00,33.4882944444444,-79.1365194444444,94.0,3524346.0,4608.0,3456.0,s3://ladi/Images/FEMA_CAP/9096/615132/JoeBell-_334b60cd-08c2-43a3-a39a-ae7f36f2bbe7.jpg,https://ladi.s3-us-west-2.amazonaws.com/Images/FEMA_CAP/9096/615132/JoeBell-_334b60cd-08c2-43a3-a39a-ae7f36f2bbe7.jpg
194138,5b7ce8d6318c9a84d4756caebdbc1d11f6a08e0b,2017-09-14 18:16:49,26.374470000000002,-81.5837533333333,348.0,6386762.0,4496.0,3000.0,s3://ladi/Images/FEMA_CAP/9074/613734/ALW_4627_4186bc0d-b4ca-4b7d-9b72-9f7cdfdef4ef.jpg,https://ladi.s3-us-west-2.amazonaws.com/Images/FEMA_CAP/9074/613734/ALW_4627_4186bc0d-b4ca-4b7d-9b72-9f7cdfdef4ef.jpg
194803,53b79cfda7b240df3c58d3312f87fea128e1056c,2017-10-12 21:33:31,18.465293333333303,-66.5009033333333,312.0,6450685.0,4496.0,3000.0,s3://ladi/Images/FEMA_CAP/9075/614094/A0076_AP_628e4488-efe6-4938-bb03-381b78346fbe.jpg,https://ladi.s3-us-west-2.amazonaws.com/Images/FEMA_CAP/9075/614094/A0076_AP_628e4488-efe6-4938-bb03-381b78346fbe.jpg
201489,8f60531f14be903668e430b75b3fc7da94a0c374,2017-09-09 15:59:33,29.75589,-95.4918616666667,315.0,15168784.0,6000.0,4000.0,s3://ladi/Images/FEMA_CAP/9073/613802/af0f5ea1-e290-48d8-83d8-01409af2bcc6.jpg,https://ladi.s3-us-west-2.amazonaws.com/Images/FEMA_CAP/9073/613802/af0f5ea1-e290-48d8-83d8-01409af2bcc6.jpg
202143,1950063345f11d820d63dba676b6b463abb7f5b3,2016-10-10 14:34:03,34.6365066666667,-77.623565,511.0,16283700.0,6000.0,4000.0,s3://ladi/Images/FEMA_CAP/3043/291528/DSC_1554_ba41e9f8-7ecb-402a-ae0f-9f1723609dab.jpg,https://ladi.s3-us-west-2.amazonaws.com/Images/FEMA_CAP/3043/291528/DSC_1554_ba41e9f8-7ecb-402a-ae0f-9f1723609dab.jpg
205915,4879f1c84dd95b57616826078367fa7c4525dcbc,2017-10-12 13:39:48,18.02975,-66.634895,536.0,6393756.0,4496.0,3000.0,s3://ladi/Images/FEMA_CAP/9075/614098/A0015_AP_e3712b91-0927-4917-b104-1ddb249bfc89.jpg,https://ladi.s3-us-west-2.amazonaws.com/Images/FEMA_CAP/9075/614098/A0015_AP_e3712b91-0927-4917-b104-1ddb249bfc89.jpg
206364,f7f32a1c854bd0bd7213f8a30727e22fafd3fa99,2017-09-29 08:55:44,18.252426666666697,-66.7190533333333,1317.0,7395174.0,4496.0,3000.0,s3://ladi/Images/FEMA_CAP/9075/614015/A0041APU_57401744-85b9-42d7-8243-ed1c07e9fa7c.jpg,https://ladi.s3-us-west-2.amazonaws.com/Images/FEMA_CAP/9075/614015/A0041APU_57401744-85b9-42d7-8243-ed1c07e9fa7c.jpg
206985,7fbacffac18a63df9a7ebf138683b7fec4db39d5,2016-10-10 21:27:46,34.4792616666667,-78.9508883333333,473.0,4871689.0,4288.0,2848.0,s3://ladi/Images/FEMA_CAP/3043/291532/DSC_0227_c000ffa4-4d63-4909-ac0f-51b83a80e5b0.jpg,https://ladi.s3-us-west-2.amazonaws.com/Images/FEMA_CAP/3043/291532/DSC_0227_c000ffa4-4d63-4909-ac0f-51b83a80e5b0.jpg
208581,ed440e7ab0d56098c6c5308d5fcb73167e699e2f,2017-09-10 09:53:31,30.2129333333333,-94.16736999999999,300.0,14020665.0,6000.0,4000.0,s3://ladi/Images/FEMA_CAP/9073/613805/44053e14-6f6c-4e7b-86a3-ab2e76b9e4a6.jpg,https://ladi.s3-us-west-2.amazonaws.com/Images/FEMA_CAP/9073/613805/44053e14-6f6c-4e7b-86a3-ab2e76b9e4a6.jpg
212011,142b1ad70b78021ee28b7f000d044f71a0455ca5,2017-09-10 09:43:38,29.458665000000003,-95.7219633333333,332.0,12555363.0,6000.0,4000.0,s3://ladi/Images/FEMA_CAP/9073/613823/DSC_7547_7687d9d7-eb61-4f2b-af07-24ad2a90888b.jpg,https://ladi.s3-us-west-2.amazonaws.com/Images/FEMA_CAP/9073/613823/DSC_7547_7687d9d7-eb61-4f2b-af07-24ad2a90888b.jpg
217595,1f26d9ecc09606252773f5c6d9a5a05339ae52d7,2017-09-10 09:43:21,30.230448333333303,-94.1624833333333,311.0,13247131.0,6000.0,4000.0,s3://ladi/Images/FEMA_CAP/9073/613805/e350319a-a450-408a-a206-f45b28f784c4.jpg,https://ladi.s3-us-west-2.amazonaws.com/Images/FEMA_CAP/9073/613805/e350319a-a450-408a-a206-f45b28f784c4.jpg
224560,d1a6b483866ea423d6d68a384d5c571c80e53d69,2017-09-08 14:19:21,30.1809266666667,-93.7058666666667,308.0,4034764.0,4496.0,3000.0,s3://ladi/Images/FEMA_CAP/9073/613890/DSC_4521_8cf2fcbb-658a-41ed-a5aa-1cab49da80eb.jpg,https://ladi.s3-us-west-2.amazonaws.com/Images/FEMA_CAP/9073/613890/DSC_4521_8cf2fcbb-658a-41ed-a5aa-1cab49da80eb.jpg
233727,698429b1618befaa6a25e2e04034847ab0fd1a53,2017-09-07 09:15:51,30.108903333333302,-93.740635,327.0,15121543.0,6000.0,4000.0,s3://ladi/Images/FEMA_CAP/9073/613939/DSC_0481_224371db-f50e-4053-89cb-faa463661759.jpg,https://ladi.s3-us-west-2.amazonaws.com/Images/FEMA_CAP/9073/613939/DSC_0481_224371db-f50e-4053-89cb-faa463661759.jpg
236949,c18d26d3f2ae81539afe700f64177df8bf65c65c,2017-10-02 14:55:24,18.137625,-65.44949,442.0,7425534.0,4496.0,3000.0,s3://ladi/Images/FEMA_CAP/9075/614030/A0101_AP_00b96ae9-ee06-4acc-b84a-eeeffac0f881.jpg,https://ladi.s3-us-west-2.amazonaws.com/Images/FEMA_CAP/9075/614030/A0101_AP_00b96ae9-ee06-4acc-b84a-eeeffac0f881.jpg
237316,c12c30b2161d2f0b7dfcc9bb07048c770a286312,2017-09-19 10:57:07,27.594588333333302,-80.32201500000001,332.0,4270012.0,3696.0,2448.0,s3://ladi/Images/FEMA_CAP/9074/613870/SORTIE40_d0a0ee87-f974-47b0-af4c-62be985e1f22.jpg,https://ladi.s3-us-west-2.amazonaws.com/Images/FEMA_CAP/9074/613870/SORTIE40_d0a0ee87-f974-47b0-af4c-62be985e1f22.jpg
239498,029b11129633753737269a0b404b2bf6ee2a60d2,2017-09-07 09:49:09,30.050846666666697,-93.7007733333333,8.0,15340122.0,6000.0,4000.0,s3://ladi/Images/FEMA_CAP/9073/613939/DSC_1025_cb0852fc-0897-46d0-9d66-8e790a33c82d.jpg,https://ladi.s3-us-west-2.amazonaws.com/Images/FEMA_CAP/9073/613939/DSC_1025_cb0852fc-0897-46d0-9d66-8e790a33c82d.jpg
241950,06e8418e3e7515c4f905743c00d4759542cd2c73,2017-09-10 14:59:47,29.9763583333333,-93.890125,321.0,14632655.0,6000.0,4000.0,s3://ladi/Images/FEMA_CAP/9073/613819/_CAP1986_90a2d735-8249-47ef-8537-60c78dd494d2.jpg,https://ladi.s3-us-west-2.amazonaws.com/Images/FEMA_CAP/9073/613819/_CAP1986_90a2d735-8249-47ef-8537-60c78dd494d2.jpg
252239,ca0c2f11ce9875a8a96812b254f7c9571b175a38,2017-09-10 16:13:48,29.6589966666667,-95.5061166666667,412.0,8905288.0,4496.0,3000.0,s3://ladi/Images/FEMA_CAP/9073/613824/DSC_1989_0f4d8c8f-d929-48f0-99d4-28b22e2008a5.jpg,https://ladi.s3-us-west-2.amazonaws.com/Images/FEMA_CAP/9073/613824/DSC_1989_0f4d8c8f-d929-48f0-99d4-28b22e2008a5.jpg
253195,5ff6316198ef6ee5399a030dff22527b2f5b857b,2017-10-04 10:13:59,17.9811466666667,-66.0847166666667,616.0,7824027.0,4496.0,3000.0,s3://ladi/Images/FEMA_CAP/9075/614042/A0080_AP_0121afbb-f648-40ff-898c-a3117b27ba6b.jpg,https://ladi.s3-us-west-2.amazonaws.com/Images/FEMA_CAP/9075/614042/A0080_AP_0121afbb-f648-40ff-898c-a3117b27ba6b.jpg
254974,688139474f85fb593a3c8088156b91737022a2bd,2017-09-07 11:44:02,29.3797266666667,-94.7166933333333,272.0,7522459.0,4496.0,3000.0,s3://ladi/Images/FEMA_CAP/9073/613947/DSC_3623_c1bfd1e3-3bea-4f26-850c-164539ab25b8.jpg,https://ladi.s3-us-west-2.amazonaws.com/Images/FEMA_CAP/9073/613947/DSC_3623_c1bfd1e3-3bea-4f26-850c-164539ab25b8.jpg
256707,3fa2a7e76f6ba59cd2078cbfa294919f8fc23541,2017-09-10 10:29:05,29.8580933333333,-93.9998833333333,288.0,14776263.0,6000.0,4000.0,s3://ladi/Images/FEMA_CAP/9073/613822/_CAP0539_23bc9863-3f01-421a-a32b-b7a7f2c90c75.jpg,https://ladi.s3-us-west-2.amazonaws.com/Images/FEMA_CAP/9073/613822/_CAP0539_23bc9863-3f01-421a-a32b-b7a7f2c90c75.jpg
256760,9b3ca8ff9c208d8c7178b31f34aab0f37a167f12,2017-09-07 11:37:50,30.0482483333333,-93.8893466666667,370.0,13379458.0,6000.0,4000.0,s3://ladi/Images/FEMA_CAP/9073/613940/DSC_1920_6da9a9df-ec9e-4c81-8a4e-7558e2311e4b.jpg,https://ladi.s3-us-west-2.amazonaws.com/Images/FEMA_CAP/9073/613940/DSC_1920_6da9a9df-ec9e-4c81-8a4e-7558e2311e4b.jpg
257234,5d52c570b71b62af0526b5ab6a5cb65b379035a5,2017-09-07 11:39:02,30.0472616666667,-93.854295,363.0,14369032.0,6000.0,4000.0,s3://ladi/Images/FEMA_CAP/9073/613940/DSC_1956_e6b44c93-e19d-4c40-be8d-9aa65c0bae0e.jpg,https://ladi.s3-us-west-2.amazonaws.com/Images/FEMA_CAP/9073/613940/DSC_1956_e6b44c93-e19d-4c40-be8d-9aa65c0bae0e.jpg
259797,58c1cb8c6c3df29375acaf247c40266c0be237b6,2017-09-08 12:07:09,29.962979999999998,-95.2911283333333,297.0,11124549.0,6000.0,4000.0,s3://ladi/Images/FEMA_CAP/9073/613895/DSC_4769_de8b0d96-23b2-4ec6-9648-f6b6cac30f59.jpg,https://ladi.s3-us-west-2.amazonaws.com/Images/FEMA_CAP/9073/613895/DSC_4769_de8b0d96-23b2-4ec6-9648-f6b6cac30f59.jpg
259822,039eb22306ba12c524347ec926f82648da275db5,2017-10-04 11:39:57,17.991448333333302,-66.2588766666667,477.0,6962668.0,4496.0,3000.0,s3://ladi/Images/FEMA_CAP/9075/614042/A0080_AP_ea3c6ad5-61b0-422d-b38e-d22ade8bc764.jpg,https://ladi.s3-us-west-2.amazonaws.com/Images/FEMA_CAP/9075/614042/A0080_AP_ea3c6ad5-61b0-422d-b38e-d22ade8bc764.jpg
260185,890c7e6c0134ebad6a5ca49b0af526b564ca80eb,2017-10-04 11:50:42,17.980065,-66.2938,366.0,6992031.0,4496.0,3000.0,s3://ladi/Images/FEMA_CAP/9075/614042/A0080_AP_ff640d0b-6095-4600-838c-00fc0cde7c8e.jpg,https://ladi.s3-us-west-2.amazonaws.com/Images/FEMA_CAP/9075/614042/A0080_AP_ff640d0b-6095-4600-838c-00fc0cde7c8e.jpg
261102,f69790c64b09ba11e3d67e5eb05c35f45588bfb1,2017-09-10 11:38:46,29.8095816666667,-93.77151500000001,330.0,13695743.0,6000.0,4000.0,s3://ladi/Images/FEMA_CAP/9073/613822/_CAP1138_7b0691bf-b7f1-40db-aa76-84123ee0f76d.jpg,https://ladi.s3-us-west-2.amazonaws.com/Images/FEMA_CAP/9073/613822/_CAP1138_7b0691bf-b7f1-40db-aa76-84123ee0f76d.jpg
262032,398275a280fe44e822789fafe4acc16fb9cc6051,2017-10-04 11:07:06,18.146208333333302,-67.170865,330.0,7812112.0,4496.0,3000.0,s3://ladi/Images/FEMA_CAP/9075/614043/A0083_AP_654c34f4-cdce-40ce-ad43-31aa46a32326.jpg,https://ladi.s3-us-west-2.amazonaws.com/Images/FEMA_CAP/9075/614043/A0083_AP_654c34f4-cdce-40ce-ad43-31aa46a32326.jpg
262559,16d3abf681942af36102dde2542506aa7f3a25ed,2017-09-10 12:05:40,29.785111666666698,-93.7452433333333,271.0,14327663.0,6000.0,4000.0,s3://ladi/Images/FEMA_CAP/9073/613822/_CAP1399_2a7f8fa7-8f7b-4413-b69f-a7316e9ed2fd.jpg,https://ladi.s3-us-west-2.amazonaws.com/Images/FEMA_CAP/9073/613822/_CAP1399_2a7f8fa7-8f7b-4413-b69f-a7316e9ed2fd.jpg
263362,2c368fee886a13d8082c271255cbf5b9dd0927f1,2017-09-07 09:51:11,29.758428333333303,-95.6247,396.0,5838306.0,4496.0,3000.0,s3://ladi/Images/FEMA_CAP/9073/613941/DSC_4386_cea3a398-bffb-45ab-8cf9-91e0afeaa31d.jpg,https://ladi.s3-us-west-2.amazonaws.com/Images/FEMA_CAP/9073/613941/DSC_4386_cea3a398-bffb-45ab-8cf9-91e0afeaa31d.jpg
265136,c552597083d5464331c7a9c04a95b0d437dd7d31,2017-09-07 10:04:08,29.755329999999997,-95.39343000000001,235.0,5803391.0,4496.0,3000.0,s3://ladi/Images/FEMA_CAP/9073/613941/DSC_4741_21a6e965-b4a5-4a11-9d80-fffdc228dc0d.jpg,https://ladi.s3-us-west-2.amazonaws.com/Images/FEMA_CAP/9073/613941/DSC_4741_21a6e965-b4a5-4a11-9d80-fffdc228dc0d.jpg
266167,8eec53277ba2d3e49da06588f68992a5b9afe736,2017-10-04 15:52:07,17.932351666666698,-66.2588166666667,393.0,6204210.0,4496.0,3000.0,s3://ladi/Images/FEMA_CAP/9075/614044/A0153_AP_4ba210a1-090a-47be-8259-4e937490d274.jpg,https://ladi.s3-us-west-2.amazonaws.com/Images/FEMA_CAP/9075/614044/A0153_AP_4ba210a1-090a-47be-8259-4e937490d274.jpg
268626,662c3bad6b3574d6c7ce79c45936a6f5308ee862,2017-10-28 17:06:49,34.352508333333304,-124.216733333333,1274.0,3484420.0,4608.0,3456.0,s3://ladi/Images/FEMA_CAP/9077/614197/VIRB0501_675de0e9-7a94-4659-a610-e20636951e90.jpg,https://ladi.s3-us-west-2.amazonaws.com/Images/FEMA_CAP/9077/614197/VIRB0501_675de0e9-7a94-4659-a610-e20636951e90.jpg
268678,879d893f19ed7f10351a224f2b10886dc0c6d3e6,2017-09-10 09:17:33,29.692111666666698,-94.98273,249.0,12318958.0,6000.0,4000.0,s3://ladi/Images/FEMA_CAP/9073/613829/DSC_9669_c1e10e5f-7db0-4520-ae01-693b6f4a91c7.jpg,https://ladi.s3-us-west-2.amazonaws.com/Images/FEMA_CAP/9073/613829/DSC_9669_c1e10e5f-7db0-4520-ae01-693b6f4a91c7.jpg
271944,d25205f773544aeb0ec4282257ca4a719d8673d8,2017-09-07 14:07:22,30.743118333333303,-94.12588000000001,253.0,4011664.0,4496.0,3000.0,s3://ladi/Images/FEMA_CAP/9073/613944/020_9208_cc73e1d4-1a64-4656-876c-b541e8c09a6e.jpg,https://ladi.s3-us-west-2.amazonaws.com/Images/FEMA_CAP/9073/613944/020_9208_cc73e1d4-1a64-4656-876c-b541e8c09a6e.jpg
275098,ba079e7ab0c8da9ea8b8115538887a519ea5d420,2017-09-07 11:34:29,29.6404533333333,-95.1688066666667,317.0,14089890.0,6000.0,4000.0,s3://ladi/Images/FEMA_CAP/9073/613946/DSC_3926_5c51a0f3-3855-4cc9-8272-4a00d3806b39.jpg,https://ladi.s3-us-west-2.amazonaws.com/Images/FEMA_CAP/9073/613946/DSC_3926_5c51a0f3-3855-4cc9-8272-4a00d3806b39.jpg
275589,53acbfc494104d62c6823a62cdd35cb4ee4d9657,2017-09-20 12:48:12,29.78575,-81.2473766666667,275.0,5951366.0,4288.0,2848.0,s3://ladi/Images/FEMA_CAP/9074/613905/DSC_0146_08cc56b6-d50e-4b3a-af5d-71c37caf4707.jpg,https://ladi.s3-us-west-2.amazonaws.com/Images/FEMA_CAP/9074/613905/DSC_0146_08cc56b6-d50e-4b3a-af5d-71c37caf4707.jpg
277626,c7034dff0b6b2813138098979eaa6b23f4355db7,2017-09-07 11:45:46,29.953875,-95.1690583333333,303.0,12607757.0,6000.0,4000.0,s3://ladi/Images/FEMA_CAP/9073/613946/DSC_4397_4927c7cd-c7ec-4112-94ca-9050c7c656bb.jpg,https://ladi.s3-us-west-2.amazonaws.com/Images/FEMA_CAP/9073/613946/DSC_4397_4927c7cd-c7ec-4112-94ca-9050c7c656bb.jpg
278708,3d86cb310a6142f9375ec8bdbafa02f547009dbd,2017-09-07 11:51:29,29.974713333333302,-95.15868,309.0,9037571.0,6000.0,4000.0,s3://ladi/Images/FEMA_CAP/9073/613946/DSC_4614_d470a6dc-b51b-4d48-8c87-787a5e7b8f9f.jpg,https://ladi.s3-us-west-2.amazonaws.com/Images/FEMA_CAP/9073/613946/DSC_4614_d470a6dc-b51b-4d48-8c87-787a5e7b8f9f.jpg
279102,4e3ce4961ba80ac894badf2ce406f65038a76a94,2017-09-20 11:39:15,28.63362,-81.4083866666667,372.0,7683469.0,4928.0,3264.0,s3://ladi/Images/FEMA_CAP/9074/613906/DSC_5620_f34b71f6-c768-435d-9bb0-e9a44d22a8ac.jpg,https://ladi.s3-us-west-2.amazonaws.com/Images/FEMA_CAP/9074/613906/DSC_5620_f34b71f6-c768-435d-9bb0-e9a44d22a8ac.jpg
279629,916fd6946d30a2351811ca0bcf14e9176c39e6ba,2017-09-07 11:55:49,29.860284999999998,-95.1588816666667,308.0,10589644.0,6000.0,4000.0,s3://ladi/Images/FEMA_CAP/9073/613946/DSC_4787_e1446598-ca9b-4207-ae99-4292a5fdd1ae.jpg,https://ladi.s3-us-west-2.amazonaws.com/Images/FEMA_CAP/9073/613946/DSC_4787_e1446598-ca9b-4207-ae99-4292a5fdd1ae.jpg
279778,c34cca5c2ce817c2a768e5c8d59f2edadc5a28cd,2017-09-20 11:50:35,28.6511383333333,-81.2619333333333,396.0,7855864.0,4928.0,3264.0,s3://ladi/Images/FEMA_CAP/9074/613906/DSC_5782_afea16e2-6933-4a64-84e0-6911dd35cdf4.jpg,https://ladi.s3-us-west-2.amazonaws.com/Images/FEMA_CAP/9074/613906/DSC_5782_afea16e2-6933-4a64-84e0-6911dd35cdf4.jpg
279895,830a23debc9da43a1e4d3b95d60e8d00e8f56836,2017-09-20 11:52:26,28.6502216666667,-81.3198733333333,397.0,6872988.0,4928.0,3264.0,s3://ladi/Images/FEMA_CAP/9074/613906/DSC_5818_9ca827a3-3bb8-48e1-adf4-9f39eb3736d1.jpg,https://ladi.s3-us-west-2.amazonaws.com/Images/FEMA_CAP/9074/613906/DSC_5818_9ca827a3-3bb8-48e1-adf4-9f39eb3736d1.jpg
285280,1aa59481bff64ea65dbea70365a9a6734108a514,2017-09-20 11:27:21,28.613648333333302,-81.53116,365.0,7321914.0,4928.0,3264.0,s3://ladi/Images/FEMA_CAP/9074/613910/DSC_5499_f4aadaea-1368-4873-898b-83a55b3dc3d3.jpg,https://ladi.s3-us-west-2.amazonaws.com/Images/FEMA_CAP/9074/613910/DSC_5499_f4aadaea-1368-4873-898b-83a55b3dc3d3.jpg
287178,476d059df2b2b3d55acdb1eee97974c765c23859,2017-09-07 12:10:28,29.583316666666697,-94.2711233333333,810.0,7569260.0,4496.0,3000.0,s3://ladi/Images/FEMA_CAP/9073/613947/DSC_4747_a3c53210-58b0-4fe3-8e36-6a39eb921f10.jpg,https://ladi.s3-us-west-2.amazonaws.com/Images/FEMA_CAP/9073/613947/DSC_4747_a3c53210-58b0-4fe3-8e36-6a39eb921f10.jpg
288006,ec350ef354ab57f213b74c44aa3889e4ab576436,2017-09-15 09:57:38,18.3934983333333,-65.9782166666667,224.0,10059354.0,6000.0,4000.0,s3://ladi/Images/FEMA_CAP/9074/613741/DSC_4218_668630cc-3aa2-488a-a474-0d70e874d797.jpg,https://ladi.s3-us-west-2.amazonaws.com/Images/FEMA_CAP/9074/613741/DSC_4218_668630cc-3aa2-488a-a474-0d70e874d797.jpg
290113,8fc0d6e1075fa8d704bab3a990b3108f149a9574,2017-09-01 21:47:49,30.494336666666698,-93.7210433333333,302.0,10993709.0,6000.0,4000.0,s3://ladi/Images/FEMA_CAP/9073/613547/DSC_3280_40a017aa-a8aa-40ff-9b22-b9f3f586270a.jpg,https://ladi.s3-us-west-2.amazonaws.com/Images/FEMA_CAP/9073/613547/DSC_3280_40a017aa-a8aa-40ff-9b22-b9f3f586270a.jpg
291987,c9b945df42f34f191b0d77306620f375e34173c6,2017-09-07 12:16:21,29.621911666666698,-94.1837366666667,656.0,7047125.0,4496.0,3000.0,s3://ladi/Images/FEMA_CAP/9073/613947/DSC_5041_dea9d709-8036-4861-bf82-2d71a38b6a7b.jpg,https://ladi.s3-us-west-2.amazonaws.com/Images/FEMA_CAP/9073/613947/DSC_5041_dea9d709-8036-4861-bf82-2d71a38b6a7b.jpg
293877,0aa2310890c8798b5b2549c152354abf97515617,2017-09-07 12:19:42,29.652504999999998,-94.0953733333333,676.0,7566251.0,4496.0,3000.0,s3://ladi/Images/FEMA_CAP/9073/613947/DSC_5223_64837225-3c48-404c-b42a-175c4fc82c58.jpg,https://ladi.s3-us-west-2.amazonaws.com/Images/FEMA_CAP/9073/613947/DSC_5223_64837225-3c48-404c-b42a-175c4fc82c58.jpg
294624,20e5d979edcc445476a99f93b4d688c09aa73178,2017-09-08 13:01:57,29.639115000000004,-95.32644499999999,283.0,10873631.0,6000.0,4000.0,s3://ladi/Images/FEMA_CAP/9073/613895/DSC_6119_a343baef-e7fc-4cd9-a5aa-1980a999276a.jpg,https://ladi.s3-us-west-2.amazonaws.com/Images/FEMA_CAP/9073/613895/DSC_6119_a343baef-e7fc-4cd9-a5aa-1980a999276a.jpg
295292,8c70db2d5b88ab0a1da6a65e600c83e59333038b,2017-09-08 14:26:26,28.694415000000003,-95.97036999999999,327.0,13007694.0,6000.0,4000.0,s3://ladi/Images/FEMA_CAP/9073/613884/DSC_8353_ba4d1fff-1b41-4b1e-9a00-a93060cad72e.jpg,https://ladi.s3-us-west-2.amazonaws.com/Images/FEMA_CAP/9073/613884/DSC_8353_ba4d1fff-1b41-4b1e-9a00-a93060cad72e.jpg
296840,0841b469ae7c03fd35aed8f93db88b42f2c1c015,2017-09-07 14:33:00,28.85957,-97.0760183333333,390.0,8855079.0,4496.0,3000.0,s3://ladi/Images/FEMA_CAP/9073/613948/DSC_2994_e647c3e1-b76e-4a12-856c-f559e5b76e0d.jpg,https://ladi.s3-us-west-2.amazonaws.com/Images/FEMA_CAP/9073/613948/DSC_2994_e647c3e1-b76e-4a12-856c-f559e5b76e0d.jpg
296855,e4ed6c68c7dd6acb79126baa19b2b409c1139b58,2017-09-07 14:34:13,28.884090000000004,-97.10056166666669,374.0,8506822.0,4496.0,3000.0,s3://ladi/Images/FEMA_CAP/9073/613948/DSC_3009_3f5b639f-00af-480b-83cf-5c3cb7bd5072.jpg,https://ladi.s3-us-west-2.amazonaws.com/Images/FEMA_CAP/9073/613948/DSC_3009_3f5b639f-00af-480b-83cf-5c3cb7bd5072.jpg
303316,a9326d2aa4cfb400361f5df30f20b9b667112f25,2017-09-08 12:38:41,30.150071666666697,-93.7094583333333,406.0,8621918.0,4496.0,3000.0,s3://ladi/Images/FEMA_CAP/9073/613891/DSC_4844_c345a31c-b2b9-419f-899b-f81d7d67a9cf.jpg,https://ladi.s3-us-west-2.amazonaws.com/Images/FEMA_CAP/9073/613891/DSC_4844_c345a31c-b2b9-419f-899b-f81d7d67a9cf.jpg
303672,2d5c99da4e2d37417c7840424a0e9e185085b1f5,2017-09-08 12:42:17,30.1492283333333,-93.72887166666669,420.0,8557051.0,4496.0,3000.0,s3://ladi/Images/FEMA_CAP/9073/613891/DSC_4903_17f815a3-407a-4b0c-9216-7aede1ad2601.jpg,https://ladi.s3-us-west-2.amazonaws.com/Images/FEMA_CAP/9073/613891/DSC_4903_17f815a3-407a-4b0c-9216-7aede1ad2601.jpg
304112,e56ebc6cf0d908b3492bafd451fee61abe18f4d2,2017-09-08 18:55:16,30.088431666666697,-93.8467466666667,312.0,13852272.0,6000.0,4000.0,s3://ladi/Images/FEMA_CAP/9073/613901/DSC_6659_4335a7b5-bc35-4d78-a35c-3535ff90cdcf.jpg,https://ladi.s3-us-west-2.amazonaws.com/Images/FEMA_CAP/9073/613901/DSC_6659_4335a7b5-bc35-4d78-a35c-3535ff90cdcf.jpg
307065,23971d25944025516a7b73c6c51eb542f7c1cc77,2017-09-01 18:19:49,30.084970000000002,-94.02073,293.0,7519110.0,6000.0,4000.0,s3://ladi/Images/FEMA_CAP/9073/613551/DSC_1399_6a982d4a-c0ae-47d2-98fe-cc194ac9075c.jpg,https://ladi.s3-us-west-2.amazonaws.com/Images/FEMA_CAP/9073/613551/DSC_1399_6a982d4a-c0ae-47d2-98fe-cc194ac9075c.jpg
312166,50d41e2a5b77dd1b2f248e61b024b594ce4754ca,2017-09-08 19:52:19,30.05397,-93.7883866666667,334.0,13333252.0,6000.0,4000.0,s3://ladi/Images/FEMA_CAP/9073/613901/DSC_8132_3896f24d-19d9-4a1e-82dd-aec3c3465592.jpg,https://ladi.s3-us-west-2.amazonaws.com/Images/FEMA_CAP/9073/613901/DSC_8132_3896f24d-19d9-4a1e-82dd-aec3c3465592.jpg
313336,ad58aa24afeeb1edc2aff81d22248257c26f9367,2017-09-08 15:02:16,29.94261,-93.8843516666667,431.0,5634023.0,2992.0,2000.0,s3://ladi/Images/FEMA_CAP/9073/613894/DSC_5002_c6fad28f-fe23-4534-adff-affae4d1e8b0.jpg,https://ladi.s3-us-west-2.amazonaws.com/Images/FEMA_CAP/9073/613894/DSC_5002_c6fad28f-fe23-4534-adff-affae4d1e8b0.jpg
313470,17b3811ee44a68837dcdaf2216c13890b50107b4,2017-09-08 15:16:42,29.840113333333303,-93.9934483333333,361.0,4419160.0,2992.0,2000.0,s3://ladi/Images/FEMA_CAP/9073/613894/DSC_5052_a6da641d-bb11-447e-9019-d392f6f51618.jpg,https://ladi.s3-us-west-2.amazonaws.com/Images/FEMA_CAP/9073/613894/DSC_5052_a6da641d-bb11-447e-9019-d392f6f51618.jpg
313563,a2bea043f32e00f84b78deae653298da52ef3219,2017-09-08 15:17:50,29.8106366666667,-93.9869166666667,334.0,5086250.0,2992.0,2000.0,s3://ladi/Images/FEMA_CAP/9073/613894/DSC_5091_732662db-b087-4834-aa08-e501061ee528.jpg,https://ladi.s3-us-west-2.amazonaws.com/Images/FEMA_CAP/9073/613894/DSC_5091_732662db-b087-4834-aa08-e501061ee528.jpg
315843,204498ed88745ac8954317f77d6c576c5b43bfbb,2017-09-08 13:57:32,29.8622133333333,-94.2121833333333,300.0,5518289.0,4496.0,3000.0,s3://ladi/Images/FEMA_CAP/9073/613903/DSC_0129_ab3cf6b8-f3c5-48d8-a460-3ffa31f83956.jpg,https://ladi.s3-us-west-2.amazonaws.com/Images/FEMA_CAP/9073/613903/DSC_0129_ab3cf6b8-f3c5-48d8-a460-3ffa31f83956.jpg
317615,01cb6ef4924ab5d16af7fb6ab02b9f67ec920089,2017-09-08 10:37:14,29.792288333333303,-95.3764216666667,461.0,11719983.0,6000.0,4000.0,s3://ladi/Images/FEMA_CAP/9073/613895/DSC_2699_c1172227-db46-48ef-a826-07c34add19b7.jpg,https://ladi.s3-us-west-2.amazonaws.com/Images/FEMA_CAP/9073/613895/DSC_2699_c1172227-db46-48ef-a826-07c34add19b7.jpg
317789,9a8b12983bf78ba1940bac156b9d872b03ffde33,2017-09-01 23:20:40,29.332145,-95.5805633333333,310.0,8674160.0,6000.0,4000.0,s3://ladi/Images/FEMA_CAP/9073/613556/DSC_0486_0969a41e-6639-4184-b5fa-bb9670e5853d.jpg,https://ladi.s3-us-west-2.amazonaws.com/Images/FEMA_CAP/9073/613556/DSC_0486_0969a41e-6639-4184-b5fa-bb9670e5853d.jpg
319995,8501bb64dce62be86293c08200083270bd2029d5,2017-09-10 09:23:27,30.2351983333333,-94.1077016666667,347.0,8616673.0,4496.0,3000.0,s3://ladi/Images/FEMA_CAP/9073/613828/020_2806_3e8ab3d7-44e8-40e9-bdc4-b26c6ffce342.jpg,https://ladi.s3-us-west-2.amazonaws.com/Images/FEMA_CAP/9073/613828/020_2806_3e8ab3d7-44e8-40e9-bdc4-b26c6ffce342.jpg
320739,628a3d4e949b95b9d78ea35fd0817104e00b647e,2017-09-10 09:52:41,,,,8649794.0,4496.0,3000.0,s3://ladi/Images/FEMA_CAP/9073/613828/020_3549_14835247-56f3-4b92-8948-8417197250bd.jpg,https://ladi.s3-us-west-2.amazonaws.com/Images/FEMA_CAP/9073/613828/020_3549_14835247-56f3-4b92-8948-8417197250bd.jpg
321950,a368e4f40c0a375201dc2d329caff2c51e1c6032,2017-09-10 10:38:15,30.054453333333303,-94.0867916666667,394.0,8644755.0,4496.0,3000.0,s3://ladi/Images/FEMA_CAP/9073/613828/020_4760_65a8798a-01ce-4457-b3e0-44c706ef99f6.jpg,https://ladi.s3-us-west-2.amazonaws.com/Images/FEMA_CAP/9073/613828/020_4760_65a8798a-01ce-4457-b3e0-44c706ef99f6.jpg
323211,f157068bb70f87521c5951b6ff3c1bd906259ce0,2017-09-10 08:09:49,30.030701666666697,-95.1516633333333,280.0,9838694.0,6000.0,4000.0,s3://ladi/Images/FEMA_CAP/9073/613829/DSC_8284_6a74b567-ca6f-45be-8f5b-ca6c9a91c57e.jpg,https://ladi.s3-us-west-2.amazonaws.com/Images/FEMA_CAP/9073/613829/DSC_8284_6a74b567-ca6f-45be-8f5b-ca6c9a91c57e.jpg
328315,5385bc046c8ae8a5fd2a364c1b789801c20f2a5a,2015-10-08 10:55:48,33.705851666666696,-79.96856333333331,320.0,6317482.0,6000.0,4000.0,s3://ladi/Images/FEMA_CAP/1013/20195/DSC_0177_4d171f7e-defe-4854-a138-2cfb28cbacb8.jpg,https://ladi.s3-us-west-2.amazonaws.com/Images/FEMA_CAP/1013/20195/DSC_0177_4d171f7e-defe-4854-a138-2cfb28cbacb8.jpg
330709,a0d88d9b70282a7e46a4e1703390086535d3059f,2015-10-08 11:31:23,33.8465066666667,-79.4500333333333,353.0,6316310.0,6000.0,4000.0,s3://ladi/Images/FEMA_CAP/1013/20195/DSC_0323_e9562041-2f52-4b32-ab0c-1cffa30c3f1c.jpg,https://ladi.s3-us-west-2.amazonaws.com/Images/FEMA_CAP/1013/20195/DSC_0323_e9562041-2f52-4b32-ab0c-1cffa30c3f1c.jpg
339069,d62022dcd6ec06b5d1825c3cb4f4c7358ddf66ea,2017-08-31 15:51:50,27.63226,-97.53864166666669,356.0,12721204.0,6000.0,4000.0,s3://ladi/Images/FEMA_CAP/9073/613531/DSC_0622_c59b7d78-2b9a-4f85-afa0-a052c9620056.jpg,https://ladi.s3-us-west-2.amazonaws.com/Images/FEMA_CAP/9073/613531/DSC_0622_c59b7d78-2b9a-4f85-afa0-a052c9620056.jpg
344307,c518e8c69e686041881ba297f23b2cc74a2f3bde,2018-10-14 15:28:47,31.0755533333333,-84.0841916666667,471.0,8310832.0,4928.0,3264.0,s3://ladi/Images/FEMA_CAP/9099/615182/DSC_1266_51c6ff69-18c7-4d10-8102-0932ea140ded.jpg,https://ladi.s3-us-west-2.amazonaws.com/Images/FEMA_CAP/9099/615182/DSC_1266_51c6ff69-18c7-4d10-8102-0932ea140ded.jpg
347443,1f3d3b12e261361ce66e619466a54e92b64caeae,2018-10-17 14:59:22,30.2473433333333,-85.6529016666667,388.0,9243329.0,4496.0,3000.0,s3://ladi/Images/FEMA_CAP/9099/615185/DSC_4222_a9fa1552-85c5-4545-9385-b47f711d42fc.jpg,https://ladi.s3-us-west-2.amazonaws.com/Images/FEMA_CAP/9099/615185/DSC_4222_a9fa1552-85c5-4545-9385-b47f711d42fc.jpg
348062,c342f498cc87a48985be957553563caaedd00876,2017-09-01 21:34:24,30.3381616666667,-94.10212666666669,300.0,12927407.0,6000.0,4000.0,s3://ladi/Images/FEMA_CAP/9073/613543/DSC_0339_4d88ed8a-ed5c-4120-a151-ac16b7f32913.jpg,https://ladi.s3-us-west-2.amazonaws.com/Images/FEMA_CAP/9073/613543/DSC_0339_4d88ed8a-ed5c-4120-a151-ac16b7f32913.jpg
348768,3bc7438c0a62020cf7c985bd2be8f3ef384e85a3,2017-09-01 21:35:53,30.301175,-94.1225216666667,268.0,12796376.0,6000.0,4000.0,s3://ladi/Images/FEMA_CAP/9073/613543/DSC_0364_e8b84a74-cfb6-4c97-976b-bc9c316c64ee.jpg,https://ladi.s3-us-west-2.amazonaws.com/Images/FEMA_CAP/9073/613543/DSC_0364_e8b84a74-cfb6-4c97-976b-bc9c316c64ee.jpg
354319,914b77459c76a82d888d4494cacfd614b8e545ad,2016-01-10 21:10:22,33.4707066666667,-91.0626666666667,432.0,3057403.0,4288.0,2848.0,s3://ladi/Images/FEMA_CAP/2020/70349/DSC_0463_196a704f-336d-4606-bb6f-4611af06bb66.jpg,https://ladi.s3-us-west-2.amazonaws.com/Images/FEMA_CAP/2020/70349/DSC_0463_196a704f-336d-4606-bb6f-4611af06bb66.jpg
357415,2c7c8a8975faae55f6318a18be999efc0f6fae13,2016-10-09 19:09:33,31.6164233333333,-81.427555,502.0,5784255.0,6000.0,4000.0,s3://ladi/Images/FEMA_CAP/3045/291506/DSC_0377_195ebbd1-3b6e-4b7a-a6dc-3a88f350fc83.jpg,https://ladi.s3-us-west-2.amazonaws.com/Images/FEMA_CAP/3045/291506/DSC_0377_195ebbd1-3b6e-4b7a-a6dc-3a88f350fc83.jpg
361733,d77655cd7270f38c721d48afcfdcd25664b1036b,2017-09-16 13:14:16,26.108826666666697,-81.7562433333333,319.0,5003112.0,3696.0,2448.0,s3://ladi/Images/FEMA_CAP/9074/613771/DSC_3604_e591d5bf-67b1-4f32-b84c-397379126e04.jpg,https://ladi.s3-us-west-2.amazonaws.com/Images/FEMA_CAP/9074/613771/DSC_3604_e591d5bf-67b1-4f32-b84c-397379126e04.jpg
362739,3da75dc65bfdd58be7ce704b8548e49e447b365e,2017-09-01 22:17:01,30.7674683333333,-94.12859499999999,386.0,11924047.0,6000.0,4000.0,s3://ladi/Images/FEMA_CAP/9073/613543/DSC_0876_af3ca6d6-a4fc-4145-b127-51af4b586729.jpg,https://ladi.s3-us-west-2.amazonaws.com/Images/FEMA_CAP/9073/613543/DSC_0876_af3ca6d6-a4fc-4145-b127-51af4b586729.jpg
366797,c6d6eca41dd205294adfe29e44dae78c106e55cf,2017-09-25 09:07:10,17.9525777777778,-66.281225,662.0,3513459.0,4608.0,3456.0,s3://ladi/Images/FEMA_CAP/9075/613986/A0046V-0_db835bbc-6d9b-477e-8653-36eec6fd1ba0.jpg,https://ladi.s3-us-west-2.amazonaws.com/Images/FEMA_CAP/9075/613986/A0046V-0_db835bbc-6d9b-477e-8653-36eec6fd1ba0.jpg
373522,449ec5b78e24471c3921f190db4c39c2db776fbf,2016-10-11 14:48:11,34.3735716666667,-77.8199633333333,496.0,7079443.0,4288.0,2848.0,s3://ladi/Images/FEMA_CAP/3043/291562/DSC_0049_0bb1008a-8558-44fe-ac98-489bba963e0e.jpg,https://ladi.s3-us-west-2.amazonaws.com/Images/FEMA_CAP/3043/291562/DSC_0049_0bb1008a-8558-44fe-ac98-489bba963e0e.jpg
376300,9c4b8d1b782f5b95c7b5b8dc4654e8b21d506ffa,2016-10-15 10:04:46,35.60441166666671,-77.2638816666667,486.0,6864411.0,4288.0,2848.0,s3://ladi/Images/FEMA_CAP/3043/291632/DSC_0087_2c25a65d-f30e-4bbf-86c1-7a9fc9b47c06.jpg,https://ladi.s3-us-west-2.amazonaws.com/Images/FEMA_CAP/3043/291632/DSC_0087_2c25a65d-f30e-4bbf-86c1-7a9fc9b47c06.jpg
376882,66fe8978736e1ba53071e270e93b82b948f623a2,2016-10-11 09:07:28,35.253556666666704,-77.61116,322.0,12485166.0,6000.0,4000.0,s3://ladi/Images/FEMA_CAP/3043/291563/_DSC0646_cb1b9807-7bbe-4e17-8be3-8b8abfc6975b.jpg,https://ladi.s3-us-west-2.amazonaws.com/Images/FEMA_CAP/3043/291563/_DSC0646_cb1b9807-7bbe-4e17-8be3-8b8abfc6975b.jpg
376895,df427365a127d0ad63031231d1573fbff10a37cf,2017-09-17 19:28:25,26.794166666666698,-81.8528583333333,318.0,6140725.0,6000.0,4000.0,s3://ladi/Images/FEMA_CAP/9074/613811/DSC_0862_68733ce9-5456-4a9f-8600-40c31d76d05c.jpg,https://ladi.s3-us-west-2.amazonaws.com/Images/FEMA_CAP/9074/613811/DSC_0862_68733ce9-5456-4a9f-8600-40c31d76d05c.jpg
380335,66d9ed9059c5231782302f647bbd293af6f24ff2,2017-09-17 18:05:05,28.855511666666697,-81.3431566666667,314.0,10626586.0,6000.0,4000.0,s3://ladi/Images/FEMA_CAP/9074/613816/DSC_2443_d153a0e1-d95b-4b1b-acad-0807711cd6db.jpg,https://ladi.s3-us-west-2.amazonaws.com/Images/FEMA_CAP/9074/613816/DSC_2443_d153a0e1-d95b-4b1b-acad-0807711cd6db.jpg
380950,3c55c9843393162e12ec7be49043f635f2cdd58e,2017-09-17 18:06:50,28.893895,-81.3504066666667,311.0,13584737.0,6000.0,4000.0,s3://ladi/Images/FEMA_CAP/9074/613816/DSC_2458_38c5a041-ce76-48eb-b8bb-ed604d7acd65.jpg,https://ladi.s3-us-west-2.amazonaws.com/Images/FEMA_CAP/9074/613816/DSC_2458_38c5a041-ce76-48eb-b8bb-ed604d7acd65.jpg
381995,5206b3b11a70d9b9683f3c5ad2f690d9f1e57cd5,2018-10-12 14:53:29,30.432083333333303,-84.3529416666667,312.0,13868239.0,6000.0,4000.0,s3://ladi/Images/FEMA_CAP/9099/615158/DSC_3494_20a2fd2a-b5fb-4709-adca-3c4002e88148.jpg,https://ladi.s3-us-west-2.amazonaws.com/Images/FEMA_CAP/9099/615158/DSC_3494_20a2fd2a-b5fb-4709-adca-3c4002e88148.jpg
383553,d06c615f38b268a2ed7f26354352e78203efdc9b,2017-10-17 13:07:38,18.436155,-66.2863216666667,432.0,9804060.0,4496.0,3000.0,s3://ladi/Images/FEMA_CAP/9075/614130/A0029_AP_1b8c5b9d-d2a0-424d-bf56-d37c12feb524.jpg,https://ladi.s3-us-west-2.amazonaws.com/Images/FEMA_CAP/9075/614130/A0029_AP_1b8c5b9d-d2a0-424d-bf56-d37c12feb524.jpg
386490,5c019035c5f48723f25d8fab3089626f4785f37f,2017-09-17 16:36:03,28.3397133333333,-81.479325,811.0,6099113.0,6000.0,4000.0,s3://ladi/Images/FEMA_CAP/9074/613818/DSC_7166_0e4ac3a6-dad2-4463-a7b1-1319ac07a600.jpg,https://ladi.s3-us-west-2.amazonaws.com/Images/FEMA_CAP/9074/613818/DSC_7166_0e4ac3a6-dad2-4463-a7b1-1319ac07a600.jpg
388068,94207977d8cb42afbecab59b9d0335585f732c3c,2017-09-17 16:46:20,28.3036833333333,-81.49284,317.0,6167460.0,6000.0,4000.0,s3://ladi/Images/FEMA_CAP/9074/613818/DSC_7264_92b22730-6cf4-4044-9208-879994cc1b4a.jpg,https://ladi.s3-us-west-2.amazonaws.com/Images/FEMA_CAP/9074/613818/DSC_7264_92b22730-6cf4-4044-9208-879994cc1b4a.jpg
389593,962bc5d310a686229c5b2ffe478771de13f73985,2017-10-13 18:47:27,18.1496183333333,-65.8884383333333,564.0,4040275.0,3600.0,2400.0,s3://ladi/Images/FEMA_CAP/9075/614106/A0036_AP_bb09029e-a6f7-4396-a24e-2d3cdb2e452e.jpg,https://ladi.s3-us-west-2.amazonaws.com/Images/FEMA_CAP/9075/614106/A0036_AP_bb09029e-a6f7-4396-a24e-2d3cdb2e452e.jpg
390116,82ecdffe496fd14fe5c7b7d353e8c1355f3b8d41,2017-10-13 18:11:38,18.1836116666667,-65.9034566666667,486.0,6872675.0,4496.0,3000.0,s3://ladi/Images/FEMA_CAP/9075/614106/A0036_AP_c7897110-4456-47a8-bd07-ed3d18b60dd7.jpg,https://ladi.s3-us-west-2.amazonaws.com/Images/FEMA_CAP/9075/614106/A0036_AP_c7897110-4456-47a8-bd07-ed3d18b60dd7.jpg
391892,da410802d5ca501534de26ef6f1f436338af740a,2017-10-13 17:41:06,18.204179999999997,-65.7085216666667,466.0,7337920.0,4496.0,3000.0,s3://ladi/Images/FEMA_CAP/9075/614106/A0036_AP_e872bf9c-d6af-4a3e-96de-63a76e7878e1.jpg,https://ladi.s3-us-west-2.amazonaws.com/Images/FEMA_CAP/9075/614106/A0036_AP_e872bf9c-d6af-4a3e-96de-63a76e7878e1.jpg
392289,2e8cb6ab6f657a6363494929a53ffc81d1c4aee0,2017-10-13 18:35:13,18.16531,-65.812095,520.0,4036186.0,3600.0,2400.0,s3://ladi/Images/FEMA_CAP/9075/614106/A0036_AP_f3f24224-e619-49b3-90b2-c3da2bf79605.jpg,https://ladi.s3-us-west-2.amazonaws.com/Images/FEMA_CAP/9075/614106/A0036_AP_f3f24224-e619-49b3-90b2-c3da2bf79605.jpg
392723,278d1c9d43e96bb2eeb7aa364e6ae7320c6fd92e,2018-10-16 12:07:47,31.0378583333333,-84.89280500000001,343.0,11508055.0,6016.0,4016.0,s3://ladi/Images/FEMA_CAP/9099/615217/030_45e774db-2301-41b0-8354-22844fcc3d8d.jpg,https://ladi.s3-us-west-2.amazonaws.com/Images/FEMA_CAP/9099/615217/030_45e774db-2301-41b0-8354-22844fcc3d8d.jpg
393148,d760dbdac85ec881e6afddb9dceb1f3ac65f6442,2017-10-13 17:54:45,18.200573333333303,-65.87515,454.0,7496697.0,4496.0,3000.0,s3://ladi/Images/FEMA_CAP/9075/614106/A0036_AP_ffd19700-61ff-4c91-851b-348784a5b4e3.jpg,https://ladi.s3-us-west-2.amazonaws.com/Images/FEMA_CAP/9075/614106/A0036_AP_ffd19700-61ff-4c91-851b-348784a5b4e3.jpg
398000,747c8abeb03d9f8cb50d648a3901fc8efb75c0d7,2016-10-12 15:37:27,34.4511333333333,-78.9670416666667,424.0,5786991.0,4288.0,2848.0,s3://ladi/Images/FEMA_CAP/3043/291585/DSC_0025_7272b76e-f4c4-467c-8ae5-dd6f55e94bd2.jpg,https://ladi.s3-us-west-2.amazonaws.com/Images/FEMA_CAP/3043/291585/DSC_0025_7272b76e-f4c4-467c-8ae5-dd6f55e94bd2.jpg
398024,71c586faef9a731848a8324034abd38e4a060efb,2017-10-13 17:29:07,18.3824016666667,-66.4435533333333,617.0,9738732.0,4496.0,3000.0,s3://ladi/Images/FEMA_CAP/9075/614107/A0025_AP_92b8b589-b069-49b1-90eb-3c55865244ca.jpg,https://ladi.s3-us-west-2.amazonaws.com/Images/FEMA_CAP/9075/614107/A0025_AP_92b8b589-b069-49b1-90eb-3c55865244ca.jpg
398308,325b4264164308783b0642b389f756141c921ea8,2018-10-13 12:57:47,30.3695016666667,-85.2064383333333,315.0,15582592.0,6000.0,4000.0,s3://ladi/Images/FEMA_CAP/9099/615165/DSC_4401_e6c37522-ec85-4a76-aaaa-4064eaf24085.jpg,https://ladi.s3-us-west-2.amazonaws.com/Images/FEMA_CAP/9099/615165/DSC_4401_e6c37522-ec85-4a76-aaaa-4064eaf24085.jpg
398930,0c34514dfe2332f22d6d769d2df136b6b23b08f1,2016-10-12 16:20:35,34.6421716666667,-78.8334366666667,489.0,7048911.0,4288.0,2848.0,s3://ladi/Images/FEMA_CAP/3043/291585/DSC_0105_fab1cb7b-1957-4a36-b730-59086eb8fd57.jpg,https://ladi.s3-us-west-2.amazonaws.com/Images/FEMA_CAP/3043/291585/DSC_0105_fab1cb7b-1957-4a36-b730-59086eb8fd57.jpg
399753,6395f96fb0cb7c333cf5d18902fdf358e644df27,2018-10-13 21:27:23,31.140536666666698,-83.4251066666667,398.0,6167821.0,6000.0,4000.0,s3://ladi/Images/FEMA_CAP/9099/615167/DSC_7488_1eb5f8b7-ee25-4d10-a487-6a7c80ed047d.jpg,https://ladi.s3-us-west-2.amazonaws.com/Images/FEMA_CAP/9099/615167/DSC_7488_1eb5f8b7-ee25-4d10-a487-6a7c80ed047d.jpg
401325,e5a00509bac1624a7f5ce6945340c9b82ac0f0c5,2017-10-13 17:04:24,18.3046583333333,-66.47899,693.0,9736633.0,4496.0,3000.0,s3://ladi/Images/FEMA_CAP/9075/614107/A0025_AP_e6b31889-1bf1-40bd-9c65-e57072d8f5a7.jpg,https://ladi.s3-us-west-2.amazonaws.com/Images/FEMA_CAP/9075/614107/A0025_AP_e6b31889-1bf1-40bd-9c65-e57072d8f5a7.jpg
407130,e71a5034ca5e9f137212874c6157dd97966169b7,2017-09-23 14:53:22,18.4730416666667,-66.9620533333333,485.0,1076944.0,3939.0,2954.0,s3://ladi/Images/FEMA_CAP/9075/613959/A0022_56_07c79f63-9253-4d75-a67c-3a3fe040f505.jpg,https://ladi.s3-us-west-2.amazonaws.com/Images/FEMA_CAP/9075/613959/A0022_56_07c79f63-9253-4d75-a67c-3a3fe040f505.jpg
408792,be964885cb02929b508c1bfbfe30ee20cba8f03e,2017-09-23 12:06:37,18.450263888888898,-66.1558527777778,272.0,3496277.0,4608.0,3456.0,s3://ladi/Images/FEMA_CAP/9075/613991/A0022bVi_62cb29f9-9020-4249-9a58-29f0084ebfdb.jpg,https://ladi.s3-us-west-2.amazonaws.com/Images/FEMA_CAP/9075/613991/A0022bVi_62cb29f9-9020-4249-9a58-29f0084ebfdb.jpg
414667,193de474cc50d419017e3d791dc986188800d448,2017-09-15 22:10:00,26.336859999999998,-81.5349783333333,412.0,7149118.0,4288.0,2848.0,s3://ladi/Images/FEMA_CAP/9074/613754/DSC_0076_43ecb135-5e72-480f-8086-0bf5c4d317d4.jpg,https://ladi.s3-us-west-2.amazonaws.com/Images/FEMA_CAP/9074/613754/DSC_0076_43ecb135-5e72-480f-8086-0bf5c4d317d4.jpg
417547,ffd56fdd4259e1b18c351c19e8f87c5635490650,2016-10-12 22:05:16,34.341435,-79.0551633333333,476.0,6472367.0,4288.0,2848.0,s3://ladi/Images/FEMA_CAP/3043/291596/DSC_0030_181ebdf8-4f7c-483f-a771-adba06802ab9.jpg,https://ladi.s3-us-west-2.amazonaws.com/Images/FEMA_CAP/3043/291596/DSC_0030_181ebdf8-4f7c-483f-a771-adba06802ab9.jpg
420802,afbccd64993989801d8b692c08bb29aba1600092,2016-10-16 16:28:21,35.584033333333295,-77.259415,676.0,5808208.0,4288.0,2848.0,s3://ladi/Images/FEMA_CAP/3043/291663/DSC_0198_ab1ede68-bf32-4dee-ab63-82a44253f2e2.jpg,https://ladi.s3-us-west-2.amazonaws.com/Images/FEMA_CAP/3043/291663/DSC_0198_ab1ede68-bf32-4dee-ab63-82a44253f2e2.jpg
421740,c6110b2fab8296f4706c69ab693fa1f479c682e4,2017-10-13 13:52:57,18.001298333333303,-66.2143633333333,385.0,7333994.0,4496.0,3000.0,s3://ladi/Images/FEMA_CAP/9075/614109/DSC_0707_cf710542-98b3-4d1f-bf3b-e7bdbe42dc79.jpg,https://ladi.s3-us-west-2.amazonaws.com/Images/FEMA_CAP/9075/614109/DSC_0707_cf710542-98b3-4d1f-bf3b-e7bdbe42dc79.jpg
423675,ee4e725060ad6d85fe11cb4d3578d0db47c84ccf,2016-10-16 19:21:54,34.5907883333333,-78.9873033333333,473.0,6462209.0,6000.0,4000.0,s3://ladi/Images/FEMA_CAP/3043/291664/DSC_3958_80764029-21b7-4157-bd27-6664bf4c81ee.jpg,https://ladi.s3-us-west-2.amazonaws.com/Images/FEMA_CAP/3043/291664/DSC_3958_80764029-21b7-4157-bd27-6664bf4c81ee.jpg
427406,cc801695bc1ffbfcd96a904e1d9c6a397f8a4410,2018-11-17 12:42:56,35.9991666666667,-79.3594216666667,480.0,12503926.0,6000.0,4000.0,s3://ladi/Images/FEMA_CAP/7068/615404/DSC_7854_7a9f8e13-6d6e-4c0a-af2c-52bd73d47211.jpg,https://ladi.s3-us-west-2.amazonaws.com/Images/FEMA_CAP/7068/615404/DSC_7854_7a9f8e13-6d6e-4c0a-af2c-52bd73d47211.jpg
433297,26926e2b5fae79072fbd21f3714cc490a15f9f65,2017-10-13 14:28:04,17.9839133333333,-66.279125,294.0,7734868.0,4496.0,3000.0,s3://ladi/Images/FEMA_CAP/9075/614110/A0068_AP_9fc26960-8b7f-4476-a009-4694234ae662.jpg,https://ladi.s3-us-west-2.amazonaws.com/Images/FEMA_CAP/9075/614110/A0068_AP_9fc26960-8b7f-4476-a009-4694234ae662.jpg
436916,e329a774dbdcff2694d6687a5b033b2bf760a8dd,2017-09-17 10:37:01,28.35043,-80.6742033333333,287.0,12977551.0,6000.0,4000.0,s3://ladi/Images/FEMA_CAP/9074/613793/DSC_0857_15cd96d5-2a8e-4b78-aeca-229c94954a01.jpg,https://ladi.s3-us-west-2.amazonaws.com/Images/FEMA_CAP/9074/613793/DSC_0857_15cd96d5-2a8e-4b78-aeca-229c94954a01.jpg
438092,4d3d2267537c55fe1fcac9c33736c3e4620ab95a,2019-09-03 16:01:54,34.70932,-102.483488333333,1529.0,7091943.0,6000.0,4000.0,s3://ladi/Images/FEMA_CAP/9107/616203/DSC_7530_a949a495-bded-487b-9b21-3b664f9f84d1.jpg,https://ladi.s3-us-west-2.amazonaws.com/Images/FEMA_CAP/9107/616203/DSC_7530_a949a495-bded-487b-9b21-3b664f9f84d1.jpg
444012,d039a8a75303ffa82fadf058b61a878e5a542ddb,2017-10-12 14:51:26,18.0991416666667,-66.25454,977.0,7791475.0,4496.0,3000.0,s3://ladi/Images/FEMA_CAP/9075/614100/A0015_AP_5c3aeca4-2d4f-4596-a4fd-0388bbd3d2a2.jpg,https://ladi.s3-us-west-2.amazonaws.com/Images/FEMA_CAP/9075/614100/A0015_AP_5c3aeca4-2d4f-4596-a4fd-0388bbd3d2a2.jpg
449223,3f947aca8b73acac5fb6805b885edb4bc4aa8db3,2017-09-01 13:36:13,29.486732,-95.53904150000001,17.469,5256765.0,4000.0,3000.0,s3://ladi/Images/FEMA_CAP/9073/613535/DJI_0031_8259df48-440b-443d-8893-558235f5c5b1.jpg,https://ladi.s3-us-west-2.amazonaws.com/Images/FEMA_CAP/9073/613535/DJI_0031_8259df48-440b-443d-8893-558235f5c5b1.jpg
449697,ac9fdb4322b0648351f5128e8adf8e6da68b784e,2017-08-31 16:26:00,30.0347919999722,-94.42534279997221,238.45,6433572.0,4928.0,3264.0,s3://ladi/Images/FEMA_CAP/9073/613534/R0001801_c3de6374-8364-4f34-a3c4-3fce32d1e3ef.jpg,https://ladi.s3-us-west-2.amazonaws.com/Images/FEMA_CAP/9073/613534/R0001801_c3de6374-8364-4f34-a3c4-3fce32d1e3ef.jpg
450397,12867ac55b74b4be91bc885a033a9be943b6997d,2017-09-01 19:01:43,29.253515000000004,-96.1147316666667,319.0,10413169.0,6000.0,4000.0,s3://ladi/Images/FEMA_CAP/9073/613542/DSC_0207_312e5b40-dff6-4b34-a775-d7ea3c7e3c72.jpg,https://ladi.s3-us-west-2.amazonaws.com/Images/FEMA_CAP/9073/613542/DSC_0207_312e5b40-dff6-4b34-a775-d7ea3c7e3c72.jpg
450582,2bf3d1f52dec26762e32c24030ddf6996620ebc7,2017-09-02 00:02:42,30.44967,-93.711315,290.0,15283024.0,6000.0,4000.0,s3://ladi/Images/FEMA_CAP/9073/613538/DSC_0761_5a8ca999-a5f0-4087-a3c8-8728fe541592.jpg,https://ladi.s3-us-west-2.amazonaws.com/Images/FEMA_CAP/9073/613538/DSC_0761_5a8ca999-a5f0-4087-a3c8-8728fe541592.jpg
450628,122dc272cc2c96f839e5528ad83e755a05adb800,2017-09-01 19:02:15,29.239845000000003,-96.112375,312.0,10520837.0,6000.0,4000.0,s3://ladi/Images/FEMA_CAP/9073/613542/DSC_0221_cf429e56-ec5e-4291-a72b-a9db66f418cc.jpg,https://ladi.s3-us-west-2.amazonaws.com/Images/FEMA_CAP/9073/613542/DSC_0221_cf429e56-ec5e-4291-a72b-a9db66f418cc.jpg
450830,a64586ca12d759473e3148a3ef92f529e1c53c93,2017-09-02 00:03:56,30.4356683333333,-93.7238333333333,232.0,13061187.0,6000.0,4000.0,s3://ladi/Images/FEMA_CAP/9073/613538/DSC_0792_94457863-76e8-43fa-a6e7-9471fc6fa1ed.jpg,https://ladi.s3-us-west-2.amazonaws.com/Images/FEMA_CAP/9073/613538/DSC_0792_94457863-76e8-43fa-a6e7-9471fc6fa1ed.jpg
452214,9fdea20e033843875ae96f05c6eb564a08cd599e,2019-09-04 16:53:43,28.767111666666697,-95.6174966666667,258.0,17490713.0,6000.0,4000.0,s3://ladi/Images/FEMA_CAP/9107/616211/DSC_1257_48908f66-d330-4cbd-bcc9-2a92ba4ebef7.jpg,https://ladi.s3-us-west-2.amazonaws.com/Images/FEMA_CAP/9107/616211/DSC_1257_48908f66-d330-4cbd-bcc9-2a92ba4ebef7.jpg
452475,0ea289f13ae8124303ed25bc2a9ada74f32f831e,2019-09-04 17:22:50,28.700951666666697,-96.559325,432.0,17831405.0,6000.0,4000.0,s3://ladi/Images/FEMA_CAP/9107/616211/DSC_1426_98043561-c36e-43bd-9ff9-285f5b798a06.jpg,https://ladi.s3-us-west-2.amazonaws.com/Images/FEMA_CAP/9107/616211/DSC_1426_98043561-c36e-43bd-9ff9-285f5b798a06.jpg
471163,ad140bdf27ef0c0f53b2c043afd037bc2f96db46,2015-11-21 11:06:21,26.722755,-81.6178783333333,366.0,7230017.0,4928.0,3264.0,s3://ladi/Images/FEMA_CAP/5/30315/DSC_2852_f858340c-7143-4121-81f1-65d8b07dbac8.jpg,https://ladi.s3-us-west-2.amazonaws.com/Images/FEMA_CAP/5/30315/DSC_2852_f858340c-7143-4121-81f1-65d8b07dbac8.jpg
504048,ca4318aa33b6a0b696905801c448a396dcc7ddb9,2017-07-24 14:42:04,34.0049516666667,-77.88945,346.0,6044704.0,6000.0,4000.0,s3://ladi/Images/FEMA_CAP/5/573511/DSC_5587_06fd9b5b-f6e8-465f-8494-59e2532bf38a.jpg,https://ladi.s3-us-west-2.amazonaws.com/Images/FEMA_CAP/5/573511/DSC_5587_06fd9b5b-f6e8-465f-8494-59e2532bf38a.jpg
547894,eae3cff6fc72c242829fbf3bcde884f3b8d1eda3,2019-09-06 19:02:06,34.2547816666667,-77.8613316666667,504.0,5655355.0,4288.0,2848.0,s3://ladi/Images/FEMA_CAP/9161/616222/FEMA_REG_9bf5df00-bf54-45ea-8361-2f13b2f188d6.jpg,https://ladi.s3-us-west-2.amazonaws.com/Images/FEMA_CAP/9161/616222/FEMA_REG_9bf5df00-bf54-45ea-8361-2f13b2f188d6.jpg
548268,708f9b1670d449afaa272dce00ff0ad78d9b7983,2019-09-06 22:56:06,33.9617183333333,-78.0247383333333,454.0,4983745.0,6000.0,4000.0,s3://ladi/Images/FEMA_CAP/9161/616221/FEMA_REG_d12cc1dc-aad8-4d2b-ad79-2e9c462332bb.jpg,https://ladi.s3-us-west-2.amazonaws.com/Images/FEMA_CAP/9161/616221/FEMA_REG_d12cc1dc-aad8-4d2b-ad79-2e9c462332bb.jpg
548326,65176f6fb3bdbbe5e6fb3873e577e98b3eb3c892,2019-09-06 18:44:59,34.29635,-77.8962383333333,494.0,5351326.0,4288.0,2848.0,s3://ladi/Images/FEMA_CAP/9161/616222/FEMA_REG_c0b1a92e-2d9f-4325-a30c-f50ba7234726.jpg,https://ladi.s3-us-west-2.amazonaws.com/Images/FEMA_CAP/9161/616222/FEMA_REG_c0b1a92e-2d9f-4325-a30c-f50ba7234726.jpg
548328,b47fc430798ba90a27ba3c18e567b5de93298e9e,2019-09-06 18:59:34,34.246693333333305,-77.8740783333333,503.0,6424670.0,4288.0,2848.0,s3://ladi/Images/FEMA_CAP/9161/616222/FEMA_REG_c58b7009-171b-4c95-9ef8-c5fed9603fd0.jpg,https://ladi.s3-us-west-2.amazonaws.com/Images/FEMA_CAP/9161/616222/FEMA_REG_c58b7009-171b-4c95-9ef8-c5fed9603fd0.jpg
548400,5fe8d052cc271a05f594a846508075af59b30b46,2019-09-07 11:17:01,35.207131666666704,-77.1256666666667,628.0,9149641.0,6000.0,4000.0,s3://ladi/Images/FEMA_CAP/9161/616227/FEMA_Reg_e50e9414-6111-4282-bcd4-20701dec9462.jpg,https://ladi.s3-us-west-2.amazonaws.com/Images/FEMA_CAP/9161/616227/FEMA_Reg_e50e9414-6111-4282-bcd4-20701dec9462.jpg
548877,244e54a8658eb7b075064536841f001484c452db,2019-09-06 20:30:50,30.3219966666667,-81.6189333333333,334.0,12937789.0,6000.0,4000.0,s3://ladi/Images/FEMA_CAP/9157/616220/DSC_7844_5f0b33da-a724-415d-95cd-0c0dbce4190f.jpg,https://ladi.s3-us-west-2.amazonaws.com/Images/FEMA_CAP/9157/616220/DSC_7844_5f0b33da-a724-415d-95cd-0c0dbce4190f.jpg
548900,9fb44c975c609139fad4f99f82e14c23a04943c2,2019-09-07 12:02:15,35.147205,-76.79366,616.0,9274011.0,6000.0,4000.0,s3://ladi/Images/FEMA_CAP/9161/616227/FEMA_Reg_f8aec69c-e370-4c55-a4be-5ea891a05a35.jpg,https://ladi.s3-us-west-2.amazonaws.com/Images/FEMA_CAP/9161/616227/FEMA_Reg_f8aec69c-e370-4c55-a4be-5ea891a05a35.jpg
549250,8c17a10282f2e1ebc3bf2164e8df17829a80cedf,2019-09-07 11:16:07,35.2263716666667,-77.1178383333333,626.0,9403811.0,6000.0,4000.0,s3://ladi/Images/FEMA_CAP/9161/616227/FEMA_Reg_b8511925-e3af-4de2-8ac4-634464cc9ca8.jpg,https://ladi.s3-us-west-2.amazonaws.com/Images/FEMA_CAP/9161/616227/FEMA_Reg_b8511925-e3af-4de2-8ac4-634464cc9ca8.jpg
